trip_number,origin,
250001224281,SLOUGH,
250001259039,SLOUGH,
250001250039,SLOUGH,
250001196311,SLOUGH,
250001147120,SLOUGH,
250001121871,SLOUGH,
250001247676,SLOUGH,
250001223489,SLOUGH,
250001261982,SLOUGH,
250001219079,SLOUGH,
250001175084,SLOUGH,
250001239994,SLOUGH,
250001138776,SLOUGH,
250001249423,SLOUGH,
250001245781,SLOUGH,
250001185251,SLOUGH,
250001260162,SLOUGH,
250001185898,SLOUGH,
250001156570,SLOUGH,
250001158996,SLOUGH,
250001178406,SLOUGH,
250001158274,SLOUGH,
250001215431,SLOUGH,
250001187770,SLOUGH,
250001186358,SLOUGH,
250001249675,SLOUGH,
250001152455,SLOUGH,
250001150704,SLOUGH,
250001234308,SLOUGH,
250001183719,SLOUGH,
250001140954,SLOUGH,
250001116260,SLOUGH,
250001229296,SLOUGH,
250001123753,SLOUGH,
250001113761,SLOUGH,
250001131790,SLOUGH,
250001266172,SLOUGH,
250001245286,SLOUGH,
250001128389,SLOUGH,
250001120737,SLOUGH,
250001221840,SLOUGH,
250001123444,SLOUGH,
250001118585,SLOUGH,
250001114710,SLOUGH,
250001144690,SLOUGH,
250001208024,SLOUGH,
250001161049,SLOUGH,
250001158360,SLOUGH,
250001262712,SLOUGH,
250001164922,SLOUGH,
250001253628,SLOUGH,
250001125023,SLOUGH,
250001235949,SLOUGH,
250001144196,SLOUGH,
250001168539,SLOUGH,
250001192502,SLOUGH,
250001250041,SLOUGH,
250001174896,SLOUGH,
250001237232,SLOUGH,
250001193647,SLOUGH,
250001116241,SLOUGH,
250001172575,SLOUGH,
250001112603,SLOUGH,
250001154068,SLOUGH,
250001195812,SLOUGH,
250001127477,SLOUGH,
250001199628,SLOUGH,
250001162977,SLOUGH,
250001189330,SLOUGH,
250001131768,SLOUGH,
250001148110,SLOUGH,
250001112853,SLOUGH,
250001248790,SLOUGH,
250001228550,SLOUGH,
250001196252,SLOUGH,
250001145466,SLOUGH,
250001245782,SLOUGH,
250001241608,SLOUGH,
250001115867,SLOUGH,
250001196470,SLOUGH,
250001159910,SLOUGH,
250001135220,SLOUGH,
250001153425,SLOUGH,
250001236427,SLOUGH,
250001176558,SLOUGH,
250001182913,SLOUGH,
250001250263,SLOUGH,
250001195909,SLOUGH,
250001132366,SLOUGH,
250001246245,SLOUGH,
250001209522,SLOUGH,
250001153251,SLOUGH,
250001217268,SLOUGH,
250001143418,SLOUGH,
250001158735,SLOUGH,
250001154212,SLOUGH,
250001200184,SLOUGH,
250001205467,SLOUGH,
250001191989,SLOUGH,
250001255472,SLOUGH,
250001234347,SLOUGH,
250001224603,SLOUGH,
250001195722,SLOUGH,
250001198947,SLOUGH,
250001137722,SLOUGH,
250001245923,SLOUGH,
250001160054,SLOUGH,
250001152249,SLOUGH,
250001215786,SLOUGH,
250001190169,SLOUGH,
250001222827,SLOUGH,
250001178492,SLOUGH,
250001164425,SLOUGH,
250001251768,SLOUGH,
250001197564,SLOUGH,
250001140134,SLOUGH,
250001258914,SLOUGH,
250001254960,SLOUGH,
250001148125,SLOUGH,
250001128995,SLOUGH,
250001242198,SLOUGH,
250001230227,SLOUGH,
250001167920,SLOUGH,
250001142963,SLOUGH,
250001151466,SLOUGH,
250001224805,SLOUGH,
250001153007,SLOUGH,
250001167970,SLOUGH,
250001149977,SLOUGH,
250001160934,SLOUGH,
250001178673,SLOUGH,
250001182859,SLOUGH,
250001174356,SLOUGH,
250001168619,SLOUGH,
250001163124,SLOUGH,
250001243646,SLOUGH,
250001121094,SLOUGH,
250001238115,SLOUGH,
250001222019,SLOUGH,
250001123359,SLOUGH,
250001241855,SLOUGH,
250001158106,SLOUGH,
250001221121,SLOUGH,
250001255666,SLOUGH,
250001178317,SLOUGH,
250001206927,SLOUGH,
250001154989,SLOUGH,
250001251726,SLOUGH,
250001212902,SLOUGH,
250001119723,SLOUGH,
250001147827,SLOUGH,
250001215899,SLOUGH,
250001132984,SLOUGH,
250001137657,SLOUGH,
250001222765,SLOUGH,
250001197654,SLOUGH,
250001174237,SLOUGH,
250001112963,SLOUGH,
250001214809,SLOUGH,
250001132343,SLOUGH,
250001223748,SLOUGH,
250001255420,SLOUGH,
250001241337,SLOUGH,
250001226555,SLOUGH,
250001265077,SLOUGH,
250001126705,SLOUGH,
250001191678,SLOUGH,
250001219318,SLOUGH,
250001226144,SLOUGH,
250001164512,SLOUGH,
250001139701,SLOUGH,
250001261933,SLOUGH,
250001250001,SLOUGH,
250001154661,SLOUGH,
250001215605,SLOUGH,
250001163711,SLOUGH,
250001127417,SLOUGH,
250001251644,SLOUGH,
250001222885,SLOUGH,
250001231459,SLOUGH,
250001247262,SLOUGH,
250001224551,SLOUGH,
250001168516,SLOUGH,
250001204221,SLOUGH,
250001189320,SLOUGH,
250001183842,SLOUGH,
250001146887,SLOUGH,
250001131906,SLOUGH,
250001224406,SLOUGH,
250001244679,SLOUGH,
250001227194,SLOUGH,
250001167096,SLOUGH,
250001246059,SLOUGH,
250001252067,SLOUGH,
250001202020,SLOUGH,
250001256541,SLOUGH,
250001168980,SLOUGH,
250001164332,SLOUGH,
250001122582,SLOUGH,
250001229101,SLOUGH,
250001148294,SLOUGH,
250001264032,SLOUGH,
250001183606,SLOUGH,
250001252789,SLOUGH,
250001117336,SLOUGH,
250001128572,SLOUGH,
250001220785,SLOUGH,
250001140937,SLOUGH,
250001204883,SLOUGH,
250001120870,SLOUGH,
250001231054,SLOUGH,
250001170230,SLOUGH,
250001114747,SLOUGH,
250001184548,SLOUGH,
250001232615,SLOUGH,
250001176191,SLOUGH,
250001182049,SLOUGH,
250001260927,SLOUGH,
250001148667,SLOUGH,
250001231531,SLOUGH,
250001124599,SLOUGH,
250001150633,SLOUGH,
250001168481,SLOUGH,
250001137223,SLOUGH,
250001260137,SLOUGH,
250001228059,SLOUGH,
250001235208,SLOUGH,
250001202868,SLOUGH,
250001155845,SLOUGH,
250001127331,SLOUGH,
250001218167,SLOUGH,
250001180506,SLOUGH,
250001119405,SLOUGH,
250001209288,SLOUGH,
250001217259,SLOUGH,
250001250130,SLOUGH,
250001226300,SLOUGH,
250001200584,SLOUGH,
250001152445,SLOUGH,
250001233646,SLOUGH,
250001136099,SLOUGH,
250001267584,SLOUGH,
250001175380,SLOUGH,
250001142347,SLOUGH,
250001267504,SLOUGH,
250001176866,SLOUGH,
250001233292,SLOUGH,
250001239001,SLOUGH,
250001222414,SLOUGH,
250001173078,SLOUGH,
250001117789,SLOUGH,
250001232187,SLOUGH,
250001234617,SLOUGH,
250001214822,SLOUGH,
250001190248,SLOUGH,
250001260934,SLOUGH,
250001119037,SLOUGH,
250001234604,SLOUGH,
250001144761,SLOUGH,
250001208112,SLOUGH,
250001254051,SLOUGH,
250001238823,SLOUGH,
250001244274,SLOUGH,
250001217935,SLOUGH,
250001160212,SLOUGH,
250001131406,SLOUGH,
250001127724,SLOUGH,
250001118544,SLOUGH,
250001247314,SLOUGH,
250001253931,SLOUGH,
250001169194,SLOUGH,
250001254053,SLOUGH,
250001148240,SLOUGH,
250001176114,SLOUGH,
250001255806,SLOUGH,
250001191690,SLOUGH,
250001156362,SLOUGH,
250001113846,SLOUGH,
250001162174,SLOUGH,
250001136308,SLOUGH,
250001203059,SLOUGH,
250001191856,SLOUGH,
250001183193,SLOUGH,
250001206333,SLOUGH,
250001198419,SLOUGH,
250001140297,SLOUGH,
250001129843,SLOUGH,
250001175771,SLOUGH,
250001150801,SLOUGH,
250001164100,SLOUGH,
250001156429,SLOUGH,
250001152881,SLOUGH,
250001254628,SLOUGH,
250001189128,SLOUGH,
250001244450,SLOUGH,
250001151579,SLOUGH,
250001212446,SLOUGH,
250001132590,SLOUGH,
250001127440,SLOUGH,
250001124875,SLOUGH,
250001231435,SLOUGH,
250001164185,SLOUGH,
250001232867,SLOUGH,
250001258942,SLOUGH,
250001175576,SLOUGH,
250001132755,SLOUGH,
250001144363,SLOUGH,
250001218588,SLOUGH,
250001219022,SLOUGH,
250001170989,SLOUGH,
250001234992,SLOUGH,
250001206775,SLOUGH,
250001202481,SLOUGH,
250001254039,SLOUGH,
250001153967,SLOUGH,
250001212284,SLOUGH,
250001164149,SLOUGH,
250001120756,SLOUGH,
250001238752,SLOUGH,
250001175749,SLOUGH,
250001208724,SLOUGH,
250001184372,SLOUGH,
250001132085,SLOUGH,
250001155094,SLOUGH,
250001240218,SLOUGH,
250001160745,SLOUGH,
250001157656,SLOUGH,
250001183265,SLOUGH,
250001222872,SLOUGH,
250001221484,SLOUGH,
250001217685,SLOUGH,
250001190251,SLOUGH,
250001189178,SLOUGH,
250001188408,SLOUGH,
250001243778,SLOUGH,
250001255624,SLOUGH,
250001226202,SLOUGH,
250001183528,SLOUGH,
250001157990,SLOUGH,
250001138522,SLOUGH,
250001230401,SLOUGH,
250001194457,SLOUGH,
250001119518,SLOUGH,
250001152193,SLOUGH,
250001112476,SLOUGH,
250001243446,SLOUGH,
250001172761,SLOUGH,
250001260001,SLOUGH,
250001190533,SLOUGH,
250001222186,SLOUGH,
250001206618,SLOUGH,
250001163144,SLOUGH,
250001137960,SLOUGH,
250001209082,SLOUGH,
250001259753,SLOUGH,
250001112482,SLOUGH,
250001161874,SLOUGH,
250001140230,SLOUGH,
250001231797,SLOUGH,
250001266011,SLOUGH,
250001148099,SLOUGH,
250001176288,SLOUGH,
250001239042,SLOUGH,
250001165545,SLOUGH,
250001134251,SLOUGH,
250001215064,SLOUGH,
250001210980,SLOUGH,
250001181952,SLOUGH,
250001178312,SLOUGH,
250001222770,SLOUGH,
250001152266,SLOUGH,
250001238843,SLOUGH,
250001199865,SLOUGH,
250001133866,SLOUGH,
250001130700,SLOUGH,
250001247858,SLOUGH,
250001188846,SLOUGH,
250001188161,SLOUGH,
250001237668,SLOUGH,
250001152419,SLOUGH,
250001182155,SLOUGH,
250001262108,SLOUGH,
250001222773,SLOUGH,
250001267131,SLOUGH,
250001167898,SLOUGH,
250001132356,SLOUGH,
250001195645,SLOUGH,
250001206215,SLOUGH,
250001247838,SLOUGH,
250001216696,SLOUGH,
250001148693,SLOUGH,
250001212704,SLOUGH,
250001216679,SLOUGH,
250001191216,SLOUGH,
250001142648,SLOUGH,
250001207077,SLOUGH,
250001202956,SLOUGH,
250001251699,SLOUGH,
250001136309,SLOUGH,
250001247003,SLOUGH,
250001116981,SLOUGH,
250001264297,SLOUGH,
250001196002,SLOUGH,
250001180553,SLOUGH,
250001264052,SLOUGH,
250001169669,SLOUGH,
250001203651,SLOUGH,
250001161297,SLOUGH,
250001154676,SLOUGH,
250001238278,SLOUGH,
250001180723,SLOUGH,
250001152296,SLOUGH,
250001153432,SLOUGH,
250001180304,SLOUGH,
250001241278,SLOUGH,
250001187716,SLOUGH,
250001151060,SLOUGH,
250001239041,SLOUGH,
250001145323,SLOUGH,
250001188424,SLOUGH,
250001188341,SLOUGH,
250001139944,SLOUGH,
250001194466,SLOUGH,
250001227796,SLOUGH,
250001219077,SLOUGH,
250001165199,SLOUGH,
250001264391,SLOUGH,
250001148134,SLOUGH,
250001215650,SLOUGH,
250001175255,SLOUGH,
250001252224,SLOUGH,
250001138729,SLOUGH,
250001209053,SLOUGH,
250001237878,SLOUGH,
250001134287,SLOUGH,
250001166178,SLOUGH,
250001168508,SLOUGH,
250001136672,SLOUGH,
250001186555,SLOUGH,
250001153250,SLOUGH,
250001218495,SLOUGH,
250001192255,SLOUGH,
250001158852,SLOUGH,
250001191899,SLOUGH,
250001134151,SLOUGH,
250001160329,SLOUGH,
250001132457,SLOUGH,
250001170952,SLOUGH,
250001239986,SLOUGH,
250001215056,SLOUGH,
250001200863,SLOUGH,
250001259086,SLOUGH,
250001164151,SLOUGH,
250001266778,SLOUGH,
250001252347,SLOUGH,
250001221468,SLOUGH,
250001179390,SLOUGH,
250001212746,SLOUGH,
250001178319,SLOUGH,
250001253256,SLOUGH,
250001199140,SLOUGH,
250001129439,SLOUGH,
250001132057,SLOUGH,
250001259987,SLOUGH,
250001129825,SLOUGH,
250001188435,SLOUGH,
250001148112,SLOUGH,
250001188769,SLOUGH,
250001150647,SLOUGH,
250001175386,SLOUGH,
250001238433,SLOUGH,
250001134595,SLOUGH,
250001136577,SLOUGH,
250001221035,SLOUGH,
250001268133,SLOUGH,
250001265022,SLOUGH,
250001220613,SLOUGH,
250001260808,SLOUGH,
250001182903,SLOUGH,
250001172208,SLOUGH,
250001154015,SLOUGH,
250001132351,SLOUGH,
250001213002,SLOUGH,
250001133954,SLOUGH,
250001252212,SLOUGH,
250001202290,SLOUGH,
250001240592,SLOUGH,
250001196308,SLOUGH,
250001258971,SLOUGH,
250001266001,SLOUGH,
250001165385,SLOUGH,
250001203868,SLOUGH,
250001140183,SLOUGH,
250001139101,SLOUGH,
250001135096,SLOUGH,
250001183952,SLOUGH,
250001242517,SLOUGH,
250001224684,SLOUGH,
250001136387,SLOUGH,
250001255482,SLOUGH,
250001195863,SLOUGH,
250001188460,SLOUGH,
250001182799,SLOUGH,
250001193274,SLOUGH,
250001132455,SLOUGH,
250001222056,SLOUGH,
250001262799,SLOUGH,
250001152342,SLOUGH,
250001138890,SLOUGH,
250001205955,SLOUGH,
250001219725,SLOUGH,
250001124671,SLOUGH,
250001152136,SLOUGH,
250001250508,SLOUGH,
250001179009,SLOUGH,
250001224010,SLOUGH,
250001208252,SLOUGH,
250001176383,SLOUGH,
250001121136,SLOUGH,
250001150118,SLOUGH,
250001171301,SLOUGH,
250001220995,SLOUGH,
250001263557,SLOUGH,
250001237359,SLOUGH,
250001198474,SLOUGH,
250001195999,SLOUGH,
250001129419,SLOUGH,
250001152403,SLOUGH,
250001148596,SLOUGH,
250001138699,SLOUGH,
250001195342,SLOUGH,
250001188649,SLOUGH,
250001112658,SLOUGH,
250001216134,SLOUGH,
250001243419,SLOUGH,
250001256677,SLOUGH,
250001125336,SLOUGH,
250001160832,SLOUGH,
250001254904,SLOUGH,
250001160585,SLOUGH,
250001227931,SLOUGH,
250001233630,SLOUGH,
250001153489,SLOUGH,
250001260672,SLOUGH,
250001253626,SLOUGH,
250001263565,SLOUGH,
250001134769,SLOUGH,
250001243587,SLOUGH,
250001139453,SLOUGH,
250001213778,SLOUGH,
250001192973,SLOUGH,
250001175572,SLOUGH,
250001235503,SLOUGH,
250001222515,SLOUGH,
250001174327,SLOUGH,
250001231965,SLOUGH,
250001161022,SLOUGH,
250001132996,SLOUGH,
250001207708,SLOUGH,
250001223267,SLOUGH,
250001257310,SLOUGH,
250001142179,SLOUGH,
250001262449,SLOUGH,
250001181614,SLOUGH,
250001184643,SLOUGH,
250001257595,SLOUGH,
250001254371,SLOUGH,
250001216070,SLOUGH,
250001197428,SLOUGH,
250001151364,SLOUGH,
250001135242,SLOUGH,
250001148962,SLOUGH,
250001247801,SLOUGH,
250001188347,SLOUGH,
250001241959,SLOUGH,
250001214235,SLOUGH,
250001259028,SLOUGH,
250001198002,SLOUGH,
250001220062,SLOUGH,
250001160953,SLOUGH,
250001125844,SLOUGH,
250001243619,SLOUGH,
250001140176,SLOUGH,
250001197661,SLOUGH,
250001203858,SLOUGH,
250001204887,SLOUGH,
250001193310,SLOUGH,
250001203885,SLOUGH,
250001247594,SLOUGH,
250001116453,SLOUGH,
250001134167,SLOUGH,
250001227209,SLOUGH,
250001184124,SLOUGH,
250001228117,SLOUGH,
250001255845,SLOUGH,
250001116251,SLOUGH,
250001251767,SLOUGH,
250001206184,SLOUGH,
250001119993,SLOUGH,
250001243487,SLOUGH,
250001196109,SLOUGH,
250001175659,SLOUGH,
250001215655,SLOUGH,
250001178755,SLOUGH,
250001245595,SLOUGH,
250001121270,SLOUGH,
250001119788,SLOUGH,
250001242173,SLOUGH,
250001267713,SLOUGH,
250001163731,SLOUGH,
250001264400,SLOUGH,
250001234326,SLOUGH,
250001202882,SLOUGH,
250001131301,SLOUGH,
250001121604,SLOUGH,
250001233164,SLOUGH,
250001209599,SLOUGH,
250001153268,SLOUGH,
250001159056,SLOUGH,
250001258364,SLOUGH,
250001191686,SLOUGH,
250001122305,SLOUGH,
250001215615,SLOUGH,
250001130586,SLOUGH,
250001254450,SLOUGH,
250001238062,SLOUGH,
250001210052,SLOUGH,
250001180774,SLOUGH,
250001135872,SLOUGH,
250001268226,SLOUGH,
250001220555,SLOUGH,
250001201955,SLOUGH,
250001164440,SLOUGH,
250001136228,SLOUGH,
250001132619,SLOUGH,
250001216832,SLOUGH,
250001231628,SLOUGH,
250001185507,SLOUGH,
250001247869,SLOUGH,
250001206641,SLOUGH,
250001205604,SLOUGH,
250001157773,SLOUGH,
250001261687,SLOUGH,
250001250816,SLOUGH,
250001142235,SLOUGH,
250001124826,SLOUGH,
250001192847,SLOUGH,
250001131420,SLOUGH,
250001127282,SLOUGH,
250001208879,SLOUGH,
250001219339,SLOUGH,
250001139865,SLOUGH,
250001228651,SLOUGH,
250001157213,SLOUGH,
250001148241,SLOUGH,
250001156088,SLOUGH,
250001145313,SLOUGH,
250001185002,SLOUGH,
250001224693,SLOUGH,
250001218591,SLOUGH,
250001237946,SLOUGH,
250001237873,SLOUGH,
250001241994,SLOUGH,
250001116431,SLOUGH,
250001212109,SLOUGH,
250001188187,SLOUGH,
250001204726,SLOUGH,
250001162959,SLOUGH,
250001258975,SLOUGH,
250001193432,SLOUGH,
250001124573,SLOUGH,
250001206543,SLOUGH,
250001227832,SLOUGH,
250001260767,SLOUGH,
250001209198,SLOUGH,
250001199576,SLOUGH,
250001247557,SLOUGH,
250001137351,SLOUGH,
250001237663,SLOUGH,
250001122990,SLOUGH,
250001260020,SLOUGH,
250001175527,SLOUGH,
250001137803,SLOUGH,
250001196677,SLOUGH,
250001164296,SLOUGH,
250001116134,SLOUGH,
250001247278,SLOUGH,
250001259023,SLOUGH,
250001223542,SLOUGH,
250001165013,SLOUGH,
250001145199,SLOUGH,
250001249577,SLOUGH,
250001220161,SLOUGH,
250001212419,SLOUGH,
250001239396,SLOUGH,
250001234264,SLOUGH,
250001132239,SLOUGH,
250001158039,SLOUGH,
250001171270,SLOUGH,
250001265425,SLOUGH,
250001171785,SLOUGH,
250001185920,SLOUGH,
250001133451,SLOUGH,
250001259982,SLOUGH,
250001255292,SLOUGH,
250001112859,SLOUGH,
250001215054,SLOUGH,
250001125698,SLOUGH,
250001145305,SLOUGH,
250001133713,SLOUGH,
250001184190,SLOUGH,
250001186303,SLOUGH,
250001215393,SLOUGH,
250001154198,SLOUGH,
250001248959,SLOUGH,
250001112621,SLOUGH,
250001131801,SLOUGH,
250001207844,SLOUGH,
250001227377,SLOUGH,
250001128256,SLOUGH,
250001137335,SLOUGH,
250001184192,SLOUGH,
250001240206,SLOUGH,
250001220498,SLOUGH,
250001128051,SLOUGH,
250001164453,SLOUGH,
250001266143,SLOUGH,
250001256783,SLOUGH,
250001171326,SLOUGH,
250001180587,SLOUGH,
250001184659,SLOUGH,
250001125060,SLOUGH,
250001116563,SLOUGH,
250001160790,SLOUGH,
250001157777,SLOUGH,
250001231581,SLOUGH,
250001210799,SLOUGH,
250001165869,SLOUGH,
250001232946,SLOUGH,
250001224444,SLOUGH,
250001202724,SLOUGH,
250001209474,SLOUGH,
250001127952,SLOUGH,
250001172933,SLOUGH,
250001128834,SLOUGH,
250001167392,SLOUGH,
250001188562,SLOUGH,
250001168506,SLOUGH,
250001247846,SLOUGH,
250001156082,SLOUGH,
250001236252,SLOUGH,
250001240613,SLOUGH,
250001204244,SLOUGH,
250001136141,SLOUGH,
250001121266,SLOUGH,
250001209596,SLOUGH,
250001156884,SLOUGH,
250001132328,SLOUGH,
250001265301,SLOUGH,
250001149052,SLOUGH,
250001152494,SLOUGH,
250001184634,SLOUGH,
250001168676,SLOUGH,
250001135088,SLOUGH,
250001116124,SLOUGH,
250001203718,SLOUGH,
250001225428,SLOUGH,
250001251681,SLOUGH,
250001124818,SLOUGH,
250001115497,SLOUGH,
250001179614,SLOUGH,
250001186371,SLOUGH,
250001204609,SLOUGH,
250001168640,SLOUGH,
250001123364,SLOUGH,
250001194112,SLOUGH,
250001248721,SLOUGH,
250001192966,SLOUGH,
250001200842,SLOUGH,
250001158487,SLOUGH,
250001197752,SLOUGH,
250001211960,SLOUGH,
250001181468,SLOUGH,
250001149014,SLOUGH,
250001255133,SLOUGH,
250001204103,SLOUGH,
250001160493,SLOUGH,
250001147831,SLOUGH,
250001150563,SLOUGH,
250001227500,SLOUGH,
250001116189,SLOUGH,
250001256873,SLOUGH,
250001125440,SLOUGH,
250001264514,SLOUGH,
250001202294,SLOUGH,
250001183663,SLOUGH,
250001220843,SLOUGH,
250001234108,SLOUGH,
250001144110,SLOUGH,
250001203901,SLOUGH,
250001216128,SLOUGH,
250001268026,SLOUGH,
250001186362,SLOUGH,
250001227386,SLOUGH,
250001187783,SLOUGH,
250001134209,SLOUGH,
250001205446,SLOUGH,
250001208485,SLOUGH,
250001155906,SLOUGH,
250001244013,SLOUGH,
250001227392,SLOUGH,
250001146935,SLOUGH,
250001221182,SLOUGH,
250001238860,SLOUGH,
250001188009,SLOUGH,
250001155908,SLOUGH,
250001245048,SLOUGH,
250001220272,SLOUGH,
250001182374,SLOUGH,
250001124310,SLOUGH,
250001187684,SLOUGH,
250001164427,SLOUGH,
250001199720,SLOUGH,
250001128214,SLOUGH,
250001179422,SLOUGH,
250001183109,SLOUGH,
250001143629,SLOUGH,
250001259531,SLOUGH,
250001135688,SLOUGH,
250001208269,SLOUGH,
250001130482,SLOUGH,
250001113436,SLOUGH,
250001124546,SLOUGH,
250001232508,SLOUGH,
250001149221,SLOUGH,
250001144622,SLOUGH,
250001125940,SLOUGH,
250001251481,SLOUGH,
250001201086,SLOUGH,
250001247837,SLOUGH,
250001120029,SLOUGH,
250001261993,SLOUGH,
250001248450,SLOUGH,
250001254647,SLOUGH,
250001237652,SLOUGH,
250001137059,SLOUGH,
250001131697,SLOUGH,
250001179646,SLOUGH,
250001192421,SLOUGH,
250001187522,SLOUGH,
250001134253,SLOUGH,
250001113808,SLOUGH,
250001233787,SLOUGH,
250001157339,SLOUGH,
250001238015,SLOUGH,
250001188745,SLOUGH,
250001263930,SLOUGH,
250001147590,SLOUGH,
250001116697,SLOUGH,
250001262019,SLOUGH,
250001160017,SLOUGH,
250001135655,SLOUGH,
250001167681,SLOUGH,
250001199261,SLOUGH,
250001165379,SLOUGH,
250001177037,SLOUGH,
250001250852,SLOUGH,
250001133189,SLOUGH,
250001125901,SLOUGH,
250001244668,SLOUGH,
250001233791,SLOUGH,
250001213950,SLOUGH,
250001160858,SLOUGH,
250001265506,SLOUGH,
250001256424,SLOUGH,
250001164861,SLOUGH,
250001121886,SLOUGH,
250001202842,SLOUGH,
250001121897,SLOUGH,
250001255813,SLOUGH,
250001206838,SLOUGH,
250001203867,SLOUGH,
250001114770,SLOUGH,
250001180861,SLOUGH,
250001149736,SLOUGH,
250001266054,SLOUGH,
250001165180,SLOUGH,
250001202003,SLOUGH,
250001159514,SLOUGH,
250001130229,SLOUGH,
250001201194,SLOUGH,
250001172496,SLOUGH,
250001167878,SLOUGH,
250001218539,SLOUGH,
250001198999,SLOUGH,
250001144801,SLOUGH,
250001268212,SLOUGH,
250001169435,SLOUGH,
250001128252,SLOUGH,
250001232078,SLOUGH,
250001199571,SLOUGH,
250001238512,SLOUGH,
250001238933,SLOUGH,
250001166164,SLOUGH,
250001127856,SLOUGH,
250001263994,SLOUGH,
250001249334,SLOUGH,
250001201572,SLOUGH,
250001140173,SLOUGH,
250001232559,SLOUGH,
250001112488,SLOUGH,
250001245693,SLOUGH,
250001205392,SLOUGH,
250001178079,SLOUGH,
250001168582,SLOUGH,
250001205516,SLOUGH,
250001221317,SLOUGH,
250001184099,SLOUGH,
250001243959,SLOUGH,
250001140127,SLOUGH,
250001193811,SLOUGH,
250001246039,SLOUGH,
250001188410,SLOUGH,
250001176504,SLOUGH,
250001208744,SLOUGH,
250001248252,SLOUGH,
250001158048,SLOUGH,
250001145948,SLOUGH,
250001171483,SLOUGH,
250001128312,SLOUGH,
250001184543,SLOUGH,
250001197260,SLOUGH,
250001133435,SLOUGH,
250001214641,SLOUGH,
250001170842,SLOUGH,
250001176148,SLOUGH,
250001253828,SLOUGH,
250001226649,SLOUGH,
250001199936,SLOUGH,
250001184539,SLOUGH,
250001212069,SLOUGH,
250001112649,SLOUGH,
250001244046,SLOUGH,
250001240837,SLOUGH,
250001150782,SLOUGH,
250001180473,SLOUGH,
250001147241,SLOUGH,
250001176546,SLOUGH,
250001113817,SLOUGH,
250001204903,SLOUGH,
250001186463,SLOUGH,
250001120831,SLOUGH,
250001178274,SLOUGH,
250001165445,SLOUGH,
250001140604,SLOUGH,
250001217697,SLOUGH,
250001187037,SLOUGH,
250001227079,SLOUGH,
250001182221,SLOUGH,
250001187093,SLOUGH,
250001136045,SLOUGH,
250001205878,SLOUGH,
250001120588,SLOUGH,
250001118911,SLOUGH,
250001252768,SLOUGH,
250001259771,SLOUGH,
250001235032,SLOUGH,
250001151216,SLOUGH,
250001249128,SLOUGH,
250001169075,SLOUGH,
250001131239,SLOUGH,
250001172897,SLOUGH,
250001149782,SLOUGH,
250001203866,SLOUGH,
250001189593,SLOUGH,
250001174010,SLOUGH,
250001233684,SLOUGH,
250001160154,SLOUGH,
250001228380,SLOUGH,
250001143207,SLOUGH,
250001131616,SLOUGH,
250001205993,SLOUGH,
250001118933,SLOUGH,
250001136043,SLOUGH,
250001136223,SLOUGH,
250001239915,SLOUGH,
250001190454,SLOUGH,
250001258724,SLOUGH,
250001124937,SLOUGH,
250001238365,SLOUGH,
250001175488,SLOUGH,
250001239675,SLOUGH,
250001155525,SLOUGH,
250001133675,SLOUGH,
250001260174,SLOUGH,
250001248748,SLOUGH,
250001248707,SLOUGH,
250001128571,SLOUGH,
250001140733,SLOUGH,
250001119320,SLOUGH,
250001115688,SLOUGH,
250001212774,SLOUGH,
250001182621,SLOUGH,
250001150900,SLOUGH,
250001223993,SLOUGH,
250001147859,SLOUGH,
250001128159,SLOUGH,
250001259919,SLOUGH,
250001168331,SLOUGH,
250001195156,SLOUGH,
250001128698,SLOUGH,
250001124129,SLOUGH,
250001258461,SLOUGH,
250001113841,SLOUGH,
250001133447,SLOUGH,
250001138559,SLOUGH,
250001234552,SLOUGH,
250001162033,SLOUGH,
250001204222,SLOUGH,
250001268021,SLOUGH,
250001224428,SLOUGH,
250001158673,SLOUGH,
250001140648,SLOUGH,
250001160584,SLOUGH,
250001208872,SLOUGH,
250001208041,SLOUGH,
250001227829,SLOUGH,
250001204209,SLOUGH,
250001133440,SLOUGH,
250001163446,SLOUGH,
250001137814,SLOUGH,
250001257736,SLOUGH,
250001200352,SLOUGH,
250001257163,SLOUGH,
250001223091,SLOUGH,
250001184388,SLOUGH,
250001157855,SLOUGH,
250001188485,SLOUGH,
250001139855,SLOUGH,
250001135393,SLOUGH,
250001144174,SLOUGH,
250001267146,SLOUGH,
250001151059,SLOUGH,
250001251344,SLOUGH,
250001176036,SLOUGH,
250001180202,SLOUGH,
250001120565,SLOUGH,
250001252427,SLOUGH,
250001238014,SLOUGH,
250001251834,SLOUGH,
250001264147,SLOUGH,
250001256663,SLOUGH,
250001219633,SLOUGH,
250001114316,SLOUGH,
250001268854,SLOUGH,
250001191926,SLOUGH,
250001128311,SLOUGH,
250001130252,SLOUGH,
250001240440,SLOUGH,
250001215227,SLOUGH,
250001230386,SLOUGH,
250001130705,SLOUGH,
250001203979,SLOUGH,
250001264068,SLOUGH,
250001119894,SLOUGH,
250001156539,SLOUGH,
250001156780,SLOUGH,
250001234966,SLOUGH,
250001183913,SLOUGH,
250001166226,SLOUGH,
250001237508,SLOUGH,
250001141964,SLOUGH,
250001186410,SLOUGH,
250001264302,SLOUGH,
250001140637,SLOUGH,
250001160990,SLOUGH,
250001154075,SLOUGH,
250001260095,SLOUGH,
250001245651,SLOUGH,
250001194467,SLOUGH,
250001203848,SLOUGH,
250001179640,SLOUGH,
250001253113,SLOUGH,
250001239119,SLOUGH,
250001184994,SLOUGH,
250001125322,SLOUGH,
250001178746,SLOUGH,
250001173247,SLOUGH,
250001143475,SLOUGH,
250001244041,SLOUGH,
250001224224,SLOUGH,
250001190297,SLOUGH,
250001151671,SLOUGH,
250001166411,SLOUGH,
250001228282,SLOUGH,
250001162854,SLOUGH,
250001193044,SLOUGH,
250001231360,SLOUGH,
250001127903,SLOUGH,
250001167445,SLOUGH,
250001162290,SLOUGH,
250001229402,SLOUGH,
250001228983,SLOUGH,
250001117693,SLOUGH,
250001128331,SLOUGH,
250001141170,SLOUGH,
250001184478,SLOUGH,
250001130685,SLOUGH,
250001257755,SLOUGH,
250001184569,SLOUGH,
250001228676,SLOUGH,
250001266300,SLOUGH,
250001174201,SLOUGH,
250001191971,SLOUGH,
250001156354,SLOUGH,
250001141400,SLOUGH,
250001119840,SLOUGH,
250001263214,SLOUGH,
250001240387,SLOUGH,
250001148106,SLOUGH,
250001124690,SLOUGH,
250001176149,SLOUGH,
250001258908,SLOUGH,
250001189324,SLOUGH,
250001265155,SLOUGH,
250001240275,SLOUGH,
250001232736,SLOUGH,
250001215190,SLOUGH,
250001252540,SLOUGH,
250001243677,SLOUGH,
250001178300,SLOUGH,
250001252776,SLOUGH,
250001116003,SLOUGH,
250001202352,SLOUGH,
250001171368,SLOUGH,
250001156209,SLOUGH,
250001216786,SLOUGH,
250001187110,SLOUGH,
250001138673,SLOUGH,
250001119331,SLOUGH,
250001230051,SLOUGH,
250001196097,SLOUGH,
250001214294,SLOUGH,
250001260539,SLOUGH,
250001216322,SLOUGH,
250001177495,SLOUGH,
250001239402,SLOUGH,
250001229043,SLOUGH,
250001191643,SLOUGH,
250001126737,SLOUGH,
250001139802,SLOUGH,
250001243806,SLOUGH,
250001225391,SLOUGH,
250001170473,SLOUGH,
250001162670,SLOUGH,
250001154132,SLOUGH,
250001240748,SLOUGH,
250001247725,SLOUGH,
250001236088,SLOUGH,
250001172430,SLOUGH,
250001190369,SLOUGH,
250001244557,SLOUGH,
250001209974,SLOUGH,
250001130259,SLOUGH,
250001246138,SLOUGH,
250001222252,SLOUGH,
250001146518,SLOUGH,
250001209076,SLOUGH,
250001251052,SLOUGH,
250001255024,SLOUGH,
250001223352,SLOUGH,
250001129734,SLOUGH,
250001115079,SLOUGH,
250001140738,SLOUGH,
250001243542,SLOUGH,
250001168042,SLOUGH,
250001153887,SLOUGH,
250001120256,SLOUGH,
250001122629,SLOUGH,
250001211184,SLOUGH,
250001131479,SLOUGH,
250001114575,SLOUGH,
250001225964,SLOUGH,
250001191624,SLOUGH,
250001238737,SLOUGH,
250001140182,SLOUGH,
250001177792,SLOUGH,
250001183304,SLOUGH,
250001174740,SLOUGH,
250001168153,SLOUGH,
250001125119,SLOUGH,
250001228817,SLOUGH,
250001196709,SLOUGH,
250001174831,SLOUGH,
250001181279,SLOUGH,
250001203455,SLOUGH,
250001187719,SLOUGH,
250001132814,SLOUGH,
250001238493,SLOUGH,
250001190918,SLOUGH,
250001203123,SLOUGH,
250001204110,SLOUGH,
250001200845,SLOUGH,
250001242172,SLOUGH,
250001163143,SLOUGH,
250001122976,SLOUGH,
250001236425,SLOUGH,
250001181577,SLOUGH,
250001174282,SLOUGH,
250001180868,SLOUGH,
250001158322,SLOUGH,
250001147507,SLOUGH,
250001264316,SLOUGH,
250001189325,SLOUGH,
250001254463,SLOUGH,
250001150837,SLOUGH,
250001137824,SLOUGH,
250001266654,SLOUGH,
250001190380,SLOUGH,
250001143417,SLOUGH,
250001235180,SLOUGH,
250001159861,SLOUGH,
250001118296,SLOUGH,
250001242179,SLOUGH,
250001228399,SLOUGH,
250001176140,SLOUGH,
250001196245,SLOUGH,
250001250308,SLOUGH,
250001206574,SLOUGH,
250001139223,SLOUGH,
250001216231,SLOUGH,
250001187185,SLOUGH,
250001149958,SLOUGH,
250001220573,SLOUGH,
250001244131,SLOUGH,
250001155711,SLOUGH,
250001178258,SLOUGH,
250001147892,SLOUGH,
250001204712,SLOUGH,
250001167441,SLOUGH,
250001120045,SLOUGH,
250001230622,SLOUGH,
250001180807,SLOUGH,
250001158131,SLOUGH,
250001121408,SLOUGH,
250001164215,SLOUGH,
250001245459,SLOUGH,
250001171325,SLOUGH,
250001213944,SLOUGH,
250001156565,SLOUGH,
250001253630,SLOUGH,
250001162002,SLOUGH,
250001208878,SLOUGH,
250001212403,SLOUGH,
250001122550,SLOUGH,
250001251764,SLOUGH,
250001237488,SLOUGH,
250001223078,SLOUGH,
250001116065,SLOUGH,
250001192912,SLOUGH,
250001187397,SLOUGH,
250001156755,SLOUGH,
250001126028,SLOUGH,
250001209605,SLOUGH,
250001208916,SLOUGH,
250001208991,SLOUGH,
250001179849,SLOUGH,
250001228323,SLOUGH,
250001216609,SLOUGH,
250001126788,SLOUGH,
250001140170,SLOUGH,
250001136306,SLOUGH,
250001267298,SLOUGH,
250001193638,SLOUGH,
250001142328,SLOUGH,
250001165506,SLOUGH,
250001221649,SLOUGH,
250001256555,SLOUGH,
250001231848,SLOUGH,
250001208843,SLOUGH,
250001114449,SLOUGH,
250001252697,SLOUGH,
250001164435,SLOUGH,
250001201980,SLOUGH,
250001136844,SLOUGH,
250001160894,SLOUGH,
250001148836,SLOUGH,
250001123465,SLOUGH,
250001167644,SLOUGH,
250001198157,SLOUGH,
250001185813,SLOUGH,
250001160115,SLOUGH,
250001137543,SLOUGH,
250001224372,SLOUGH,
250001160044,SLOUGH,
250001171725,SLOUGH,
250001212985,SLOUGH,
250001208848,SLOUGH,
250001265248,SLOUGH,
250001196154,SLOUGH,
250001138922,SLOUGH,
250001159802,SLOUGH,
250001179409,SLOUGH,
250001136442,SLOUGH,
250001128443,SLOUGH,
250001125642,SLOUGH,
250001219995,SLOUGH,
250001265775,SLOUGH,
250001226135,SLOUGH,
250001220404,SLOUGH,
250001258514,SLOUGH,
250001217488,SLOUGH,
250001166723,SLOUGH,
250001176219,SLOUGH,
250001237093,SLOUGH,
250001136574,SLOUGH,
250001213997,SLOUGH,
250001216165,SLOUGH,
250001160892,SLOUGH,
250001136431,SLOUGH,
250001252366,SLOUGH,
250001257604,SLOUGH,
250001122491,SLOUGH,
250001165834,SLOUGH,
250001212073,SLOUGH,
250001227159,SLOUGH,
250001208694,SLOUGH,
250001198078,SLOUGH,
250001195961,SLOUGH,
250001178218,SLOUGH,
250001186658,SLOUGH,
250001236020,SLOUGH,
250001132487,SLOUGH,
250001210565,SLOUGH,
250001149899,SLOUGH,
250001140298,SLOUGH,
250001164738,SLOUGH,
250001148650,SLOUGH,
250001229468,SLOUGH,
250001215704,SLOUGH,
250001153794,SLOUGH,
250001143973,SLOUGH,
250001119600,SLOUGH,
250001144276,SLOUGH,
250001263764,SLOUGH,
250001186600,SLOUGH,
250001249904,SLOUGH,
250001256559,SLOUGH,
250001119246,SLOUGH,
250001257737,SLOUGH,
250001215990,SLOUGH,
250001201983,SLOUGH,
250001132002,SLOUGH,
250001234477,SLOUGH,
250001149216,SLOUGH,
250001172500,SLOUGH,
250001152232,SLOUGH,
250001250056,SLOUGH,
250001127643,SLOUGH,
250001131450,SLOUGH,
250001236717,SLOUGH,
250001161439,SLOUGH,
250001227795,SLOUGH,
250001199862,SLOUGH,
250001121329,SLOUGH,
250001136894,SLOUGH,
250001154987,SLOUGH,
250001255411,SLOUGH,
250001164313,SLOUGH,
250001155553,SLOUGH,
250001262429,SLOUGH,
250001168048,SLOUGH,
250001148238,SLOUGH,
250001170258,SLOUGH,
250001126738,SLOUGH,
250001251888,SLOUGH,
250001226685,SLOUGH,
250001151672,SLOUGH,
250001169193,SLOUGH,
250001117578,SLOUGH,
250001222968,SLOUGH,
250001210310,SLOUGH,
250001165383,SLOUGH,
250001168298,SLOUGH,
250001138772,SLOUGH,
250001168563,SLOUGH,
250001160727,SLOUGH,
250001126934,SLOUGH,
250001157072,SLOUGH,
250001219219,SLOUGH,
250001171107,SLOUGH,
250001258702,SLOUGH,
250001245924,SLOUGH,
250001238029,SLOUGH,
250001142508,SLOUGH,
250001209656,SLOUGH,
250001140307,SLOUGH,
250001254610,SLOUGH,
250001168615,SLOUGH,
250001231383,SLOUGH,
250001158401,SLOUGH,
250001252151,SLOUGH,
250001206881,SLOUGH,
250001141308,SLOUGH,
250001227540,SLOUGH,
250001165463,SLOUGH,
250001138651,SLOUGH,
250001165048,SLOUGH,
250001230788,SLOUGH,
250001173606,SLOUGH,
250001245310,SLOUGH,
250001160118,SLOUGH,
250001178105,SLOUGH,
250001160723,SLOUGH,
250001136603,SLOUGH,
250001170934,SLOUGH,
250001240094,SLOUGH,
250001176197,SLOUGH,
250001153486,SLOUGH,
250001255966,SLOUGH,
250001156676,SLOUGH,
250001194212,SLOUGH,
250001190150,SLOUGH,
250001239911,SLOUGH,
250001231321,SLOUGH,
250001232357,SLOUGH,
250001116249,SLOUGH,
250001120134,SLOUGH,
250001122705,SLOUGH,
250001257529,SLOUGH,
250001247258,SLOUGH,
250001127956,SLOUGH,
250001163544,SLOUGH,
250001243510,SLOUGH,
250001251540,SLOUGH,
250001251143,SLOUGH,
250001123299,SLOUGH,
250001208956,SLOUGH,
250001118722,SLOUGH,
250001173215,SLOUGH,
250001224087,SLOUGH,
250001205515,SLOUGH,
250001133339,SLOUGH,
250001159038,SLOUGH,
250001157251,SLOUGH,
250001116436,SLOUGH,
250001185807,SLOUGH,
250001213947,SLOUGH,
250001183527,SLOUGH,
250001152154,SLOUGH,
250001239412,SLOUGH,
250001203633,SLOUGH,
250001237305,SLOUGH,
250001123756,SLOUGH,
250001147902,SLOUGH,
250001157185,SLOUGH,
250001127267,SLOUGH,
250001195180,SLOUGH,
250001159800,SLOUGH,
250001145684,SLOUGH,
250001258972,SLOUGH,
250001215519,SLOUGH,
250001243816,SLOUGH,
250001198139,SLOUGH,
250001210822,SLOUGH,
250001253270,SLOUGH,
250001243739,SLOUGH,
250001170697,SLOUGH,
250001153642,SLOUGH,
250001189659,SLOUGH,
250001145228,SLOUGH,
250001136779,SLOUGH,
250001123312,SLOUGH,
250001187356,SLOUGH,
250001118411,SLOUGH,
250001245593,SLOUGH,
250001251119,SLOUGH,
250001265605,SLOUGH,
250001254729,SLOUGH,
250001245649,SLOUGH,
250001195899,SLOUGH,
250001176255,SLOUGH,
250001133850,SLOUGH,
250001134478,SLOUGH,
250001186870,SLOUGH,
250001228280,SLOUGH,
250001235250,SLOUGH,
250001163258,SLOUGH,
250001263134,SLOUGH,
250001141073,SLOUGH,
250001196632,SLOUGH,
250001215626,SLOUGH,
250001211399,SLOUGH,
250001200006,SLOUGH,
250001178072,SLOUGH,
250001192009,SLOUGH,
250001195733,SLOUGH,
250001267220,SLOUGH,
250001259443,SLOUGH,
250001253929,SLOUGH,
250001249557,SLOUGH,
250001179565,SLOUGH,
250001205014,SLOUGH,
250001231126,SLOUGH,
250001124506,SLOUGH,
250001168489,SLOUGH,
250001162286,SLOUGH,
250001160789,SLOUGH,
250001248318,SLOUGH,
250001183440,SLOUGH,
250001136530,SLOUGH,
250001269542,SLOUGH,
250001181351,SLOUGH,
250001258495,SLOUGH,
250001184549,SLOUGH,
250001175672,SLOUGH,
250001211624,SLOUGH,
250001200557,SLOUGH,
250001255764,SLOUGH,
250001158394,SLOUGH,
250001156917,SLOUGH,
250001247169,SLOUGH,
250001185530,SLOUGH,
250001255790,SLOUGH,
250001224574,SLOUGH,
250001163952,SLOUGH,
250001236055,SLOUGH,
250001199284,SLOUGH,
250001221858,SLOUGH,
250001118761,SLOUGH,
250001235092,SLOUGH,
250001217549,SLOUGH,
250001128943,SLOUGH,
250001212756,SLOUGH,
250001229195,SLOUGH,
250001209593,SLOUGH,
250001145742,SLOUGH,
250001264066,SLOUGH,
250001259488,SLOUGH,
250001207246,SLOUGH,
250001115388,SLOUGH,
250001228306,SLOUGH,
250001232264,SLOUGH,
250001199577,SLOUGH,
250001223495,SLOUGH,
250001260397,SLOUGH,
250001147456,SLOUGH,
250001268220,SLOUGH,
250001210036,SLOUGH,
250001172114,SLOUGH,
250001140771,SLOUGH,
250001122605,SLOUGH,
250001120037,SLOUGH,
250001202984,SLOUGH,
250001206996,SLOUGH,
250001144173,SLOUGH,
250001218650,SLOUGH,
250001189851,SLOUGH,
250001113977,SLOUGH,
250001122648,SLOUGH,
250001121905,SLOUGH,
250001225118,SLOUGH,
250001172347,SLOUGH,
250001224892,SLOUGH,
250001202813,SLOUGH,
250001177497,SLOUGH,
250001157336,SLOUGH,
250001232278,SLOUGH,
250001213541,SLOUGH,
250001144063,SLOUGH,
250001239648,SLOUGH,
250001170597,SLOUGH,
250001156797,SLOUGH,
250001241220,SLOUGH,
250001159697,SLOUGH,
250001145464,SLOUGH,
250001153423,SLOUGH,
250001124044,SLOUGH,
250001148085,SLOUGH,
250001256749,SLOUGH,
250001128255,SLOUGH,
250001266839,SLOUGH,
250001240538,SLOUGH,
250001142372,SLOUGH,
250001149951,SLOUGH,
250001268219,SLOUGH,
250001225497,SLOUGH,
250001126058,SLOUGH,
250001195910,SLOUGH,
250001185232,SLOUGH,
250001129675,SLOUGH,
250001152489,SLOUGH,
250001146922,SLOUGH,
250001239569,SLOUGH,
250001192633,SLOUGH,
250001255248,SLOUGH,
250001142675,SLOUGH,
250001267777,SLOUGH,
250001124642,SLOUGH,
250001212014,SLOUGH,
250001115480,SLOUGH,
250001203284,SLOUGH,
250001180318,SLOUGH,
250001139899,SLOUGH,
250001135926,SLOUGH,
250001251219,SLOUGH,
250001148243,SLOUGH,
250001228487,SLOUGH,
250001144330,SLOUGH,
250001215076,SLOUGH,
250001216122,SLOUGH,
250001145857,SLOUGH,
250001253930,SLOUGH,
250001237073,SLOUGH,
250001115879,SLOUGH,
250001257954,SLOUGH,
250001208104,SLOUGH,
250001133425,SLOUGH,
250001245261,SLOUGH,
250001204725,SLOUGH,
250001257781,SLOUGH,
250001180233,SLOUGH,
250001144978,SLOUGH,
250001120386,SLOUGH,
250001132945,SLOUGH,
250001130276,SLOUGH,
250001129023,SLOUGH,
250001190539,SLOUGH,
250001114788,SLOUGH,
250001201605,SLOUGH,
250001153056,SLOUGH,
250001255372,SLOUGH,
250001230136,SLOUGH,
250001150492,SLOUGH,
250001139879,SLOUGH,
250001245877,SLOUGH,
250001233048,SLOUGH,
250001263067,SLOUGH,
250001232444,SLOUGH,
250001214090,SLOUGH,
250001242090,SLOUGH,
250001159879,SLOUGH,
250001260739,SLOUGH,
250001180518,SLOUGH,
250001212153,SLOUGH,
250001243698,SLOUGH,
250001182242,SLOUGH,
250001139566,SLOUGH,
250001198261,SLOUGH,
250001207774,SLOUGH,
250001150578,SLOUGH,
250001153010,SLOUGH,
250001127402,SLOUGH,
250001137655,SLOUGH,
250001143490,SLOUGH,
250001130969,SLOUGH,
250001114718,SLOUGH,
250001231774,SLOUGH,
250001164196,SLOUGH,
250001237640,SLOUGH,
250001236680,SLOUGH,
250001191840,SLOUGH,
250001221502,SLOUGH,
250001203263,SLOUGH,
250001183985,SLOUGH,
250001193463,SLOUGH,
250001165276,SLOUGH,
250001263091,SLOUGH,
250001235555,SLOUGH,
250001117605,SLOUGH,
250001112660,SLOUGH,
250001225061,SLOUGH,
250001203976,SLOUGH,
250001188592,SLOUGH,
250001175643,SLOUGH,
250001253252,SLOUGH,
250001204851,SLOUGH,
250001193496,SLOUGH,
250001187307,SLOUGH,
250001195151,SLOUGH,
250001164345,SLOUGH,
250001203395,SLOUGH,
250001200925,SLOUGH,
250001124113,SLOUGH,
250001143534,SLOUGH,
250001193611,SLOUGH,
250001151385,SLOUGH,
250001112781,SLOUGH,
250001156550,SLOUGH,
250001152780,SLOUGH,
250001136575,SLOUGH,
250001238782,SLOUGH,
250001259806,SLOUGH,
250001200358,SLOUGH,
250001255650,SLOUGH,
250001112632,SLOUGH,
250001215927,SLOUGH,
250001221873,SLOUGH,
250001174970,SLOUGH,
250001152728,SLOUGH,
250001188342,SLOUGH,
250001154226,SLOUGH,
250001206196,SLOUGH,
250001188931,SLOUGH,
250001132602,SLOUGH,
250001218242,SLOUGH,
250001212402,SLOUGH,
250001181272,SLOUGH,
250001223099,SLOUGH,
250001214434,SLOUGH,
250001251038,SLOUGH,
250001243967,SLOUGH,
250001265653,SLOUGH,
250001120739,SLOUGH,
250001150726,SLOUGH,
250001247163,SLOUGH,
250001212728,SLOUGH,
250001256503,SLOUGH,
250001147315,SLOUGH,
250001226699,SLOUGH,
250001112483,SLOUGH,
250001263959,SLOUGH,
250001193459,SLOUGH,
250001151491,SLOUGH,
250001118119,SLOUGH,
250001149767,SLOUGH,
250001140524,SLOUGH,
250001267944,SLOUGH,
250001133062,SLOUGH,
250001233562,SLOUGH,
250001154102,SLOUGH,
250001229770,SLOUGH,
250001237338,SLOUGH,
250001263847,SLOUGH,
250001253968,SLOUGH,
250001204196,SLOUGH,
250001155524,SLOUGH,
250001152922,SLOUGH,
250001120654,SLOUGH,
250001232283,SLOUGH,
250001232077,SLOUGH,
250001224896,SLOUGH,
250001264664,SLOUGH,
250001180103,SLOUGH,
250001151463,SLOUGH,
250001188230,SLOUGH,
250001234051,SLOUGH,
250001146671,SLOUGH,
250001113434,SLOUGH,
250001119626,SLOUGH,
250001235427,SLOUGH,
250001230726,SLOUGH,
250001256506,SLOUGH,
250001177084,SLOUGH,
250001264098,SLOUGH,
250001231408,SLOUGH,
250001149532,SLOUGH,
250001196371,SLOUGH,
250001179724,SLOUGH,
250001231488,SLOUGH,
250001246290,SLOUGH,
250001132604,SLOUGH,
250001256164,SLOUGH,
250001249960,SLOUGH,
250001248628,SLOUGH,
250001112684,SLOUGH,
250001260080,SLOUGH,
250001149017,SLOUGH,
250001257728,SLOUGH,
250001211451,SLOUGH,
250001113620,SLOUGH,
250001256751,SLOUGH,
250001170928,SLOUGH,
250001168573,SLOUGH,
250001128080,SLOUGH,
250001119955,SLOUGH,
250001254766,SLOUGH,
250001171623,SLOUGH,
250001151657,SLOUGH,
250001126129,SLOUGH,
250001116237,SLOUGH,
250001184075,SLOUGH,
250001146715,SLOUGH,
250001195657,SLOUGH,
250001149651,SLOUGH,
250001156991,SLOUGH,
250001146808,SLOUGH,
250001122202,SLOUGH,
250001114751,SLOUGH,
250001241738,SLOUGH,
250001126191,SLOUGH,
250001122903,SLOUGH,
250001261603,SLOUGH,
250001203645,SLOUGH,
250001153029,SLOUGH,
250001244110,SLOUGH,
250001231477,SLOUGH,
250001221037,SLOUGH,
250001213743,SLOUGH,
250001240472,SLOUGH,
250001189385,SLOUGH,
250001257996,SLOUGH,
250001259733,SLOUGH,
250001195778,SLOUGH,
250001157956,SLOUGH,
250001201637,SLOUGH,
250001133160,SLOUGH,
250001228284,SLOUGH,
250001165134,SLOUGH,
250001112745,SLOUGH,
250001206283,SLOUGH,
250001218926,SLOUGH,
250001200424,SLOUGH,
250001180423,SLOUGH,
250001128335,SLOUGH,
250001232518,SLOUGH,
250001201259,SLOUGH,
250001241000,SLOUGH,
250001191799,SLOUGH,
250001168512,SLOUGH,
250001150721,SLOUGH,
250001141312,SLOUGH,
250001242045,SLOUGH,
250001159974,SLOUGH,
250001130811,SLOUGH,
250001264343,SLOUGH,
250001243577,SLOUGH,
250001196681,SLOUGH,
250001142002,SLOUGH,
250001174661,SLOUGH,
250001138421,SLOUGH,
250001124376,SLOUGH,
250001114931,SLOUGH,
250001171714,SLOUGH,
250001205268,SLOUGH,
250001132857,SLOUGH,
250001183101,SLOUGH,
250001140531,SLOUGH,
250001267950,SLOUGH,
250001223945,SLOUGH,
250001246918,SLOUGH,
250001232913,SLOUGH,
250001257359,SLOUGH,
250001222763,SLOUGH,
250001144904,SLOUGH,
250001256057,SLOUGH,
250001176740,SLOUGH,
250001231557,SLOUGH,
250001183226,SLOUGH,
250001195545,SLOUGH,
250001255586,SLOUGH,
250001149509,SLOUGH,
250001261308,SLOUGH,
250001220327,SLOUGH,
250001205249,SLOUGH,
250001208409,SLOUGH,
250001211708,SLOUGH,
250001246533,SLOUGH,
250001199981,SLOUGH,
250001132629,SLOUGH,
250001127844,SLOUGH,
250001199580,SLOUGH,
250001262763,SLOUGH,
250001179804,SLOUGH,
250001203862,SLOUGH,
250001247224,SLOUGH,
250001151990,SLOUGH,
250001235937,SLOUGH,
250001228605,SLOUGH,
250001203869,SLOUGH,
250001205344,SLOUGH,
250001254538,SLOUGH,
250001206356,SLOUGH,
250001232506,SLOUGH,
250001222245,SLOUGH,
250001157587,SLOUGH,
250001258525,SLOUGH,
250001215335,SLOUGH,
250001141040,SLOUGH,
250001113612,SLOUGH,
250001132206,SLOUGH,
250001192527,SLOUGH,
250001188677,SLOUGH,
250001240537,SLOUGH,
250001181430,SLOUGH,
250001199596,SLOUGH,
250001218092,SLOUGH,
250001179803,SLOUGH,
250001204354,SLOUGH,
250001113635,SLOUGH,
250001180173,SLOUGH,
250001130602,SLOUGH,
250001232389,SLOUGH,
250001227290,SLOUGH,
250001142686,SLOUGH,
250001247588,SLOUGH,
250001266166,SLOUGH,
250001169358,SLOUGH,
250001121888,SLOUGH,
250001182211,SLOUGH,
250001202900,SLOUGH,
250001121766,SLOUGH,
250001151530,SLOUGH,
250001137341,SLOUGH,
250001116945,SLOUGH,
250001226349,SLOUGH,
250001209622,SLOUGH,
250001210142,SLOUGH,
250001160440,SLOUGH,
250001210587,SLOUGH,
250001187176,SLOUGH,
250001224590,SLOUGH,
250001194530,SLOUGH,
250001146160,SLOUGH,
250001256173,SLOUGH,
250001130027,SLOUGH,
250001191696,SLOUGH,
250001260712,SLOUGH,
250001231310,SLOUGH,
250001192689,SLOUGH,
250001175031,SLOUGH,
250001188616,SLOUGH,
250001238516,SLOUGH,
250001171781,SLOUGH,
250001139362,SLOUGH,
250001189380,SLOUGH,
250001131478,SLOUGH,
250001113343,SLOUGH,
250001160944,SLOUGH,
250001248980,SLOUGH,
250001128221,SLOUGH,
250001190256,SLOUGH,
250001216442,SLOUGH,
250001193102,SLOUGH,
250001243870,SLOUGH,
250001228300,SLOUGH,
250001165830,SLOUGH,
250001120497,SLOUGH,
250001203840,SLOUGH,
250001227476,SLOUGH,
250001131050,SLOUGH,
250001131905,SLOUGH,
250001237764,SLOUGH,
250001231869,SLOUGH,
250001236994,SLOUGH,
250001196068,SLOUGH,
250001157907,SLOUGH,
250001139207,SLOUGH,
250001185221,SLOUGH,
250001176414,SLOUGH,
250001251622,SLOUGH,
250001138097,SLOUGH,
250001238677,SLOUGH,
250001157543,SLOUGH,
250001195551,SLOUGH,
250001136084,SLOUGH,
250001185419,SLOUGH,
250001144314,SLOUGH,
250001146542,SLOUGH,
250001243850,SLOUGH,
250001233232,SLOUGH,
250001150087,SLOUGH,
250001126743,SLOUGH,
250001116108,SLOUGH,
250001207318,SLOUGH,
250001172509,SLOUGH,
250001147042,SLOUGH,
250001130632,SLOUGH,
250001156421,SLOUGH,
250001143800,SLOUGH,
250001268239,SLOUGH,
250001143260,SLOUGH,
250001222057,SLOUGH,
250001158608,SLOUGH,
250001152354,SLOUGH,
250001147911,SLOUGH,
250001142901,SLOUGH,
250001119869,SLOUGH,
250001172866,SLOUGH,
250001227739,SLOUGH,
250001124327,SLOUGH,
250001250023,SLOUGH,
250001206840,SLOUGH,
250001148012,SLOUGH,
250001197834,SLOUGH,
250001138385,SLOUGH,
250001176993,SLOUGH,
250001171711,SLOUGH,
250001185123,SLOUGH,
250001251230,SLOUGH,
250001228235,SLOUGH,
250001228298,SLOUGH,
250001151542,SLOUGH,
250001142277,SLOUGH,
250001140207,SLOUGH,
250001170242,SLOUGH,
250001222866,SLOUGH,
250001218112,SLOUGH,
250001143579,SLOUGH,
250001264230,SLOUGH,
250001114625,SLOUGH,
250001196299,SLOUGH,
250001260312,SLOUGH,
250001176173,SLOUGH,
250001124678,SLOUGH,
250001247802,SLOUGH,
250001173244,SLOUGH,
250001213104,SLOUGH,
250001196853,SLOUGH,
250001210931,SLOUGH,
250001262526,SLOUGH,
250001260439,SLOUGH,
250001136335,SLOUGH,
250001208290,SLOUGH,
250001196922,SLOUGH,
250001244469,SLOUGH,
250001114392,SLOUGH,
250001143958,SLOUGH,
250001131327,SLOUGH,
250001181524,SLOUGH,
250001149114,SLOUGH,
250001124142,SLOUGH,
250001250681,SLOUGH,
250001217501,SLOUGH,
250001209686,SLOUGH,
250001178088,SLOUGH,
250001169187,SLOUGH,
250001117456,SLOUGH,
250001180545,SLOUGH,
250001143056,SLOUGH,
250001236418,SLOUGH,
250001255569,SLOUGH,
250001149310,SLOUGH,
250001129812,SLOUGH,
250001215721,SLOUGH,
250001167285,SLOUGH,
250001186731,SLOUGH,
250001210970,SLOUGH,
250001200976,SLOUGH,
250001182220,SLOUGH,
250001268067,SLOUGH,
250001118131,SLOUGH,
250001187621,SLOUGH,
250001235923,SLOUGH,
250001222981,SLOUGH,
250001202614,SLOUGH,
250001217828,SLOUGH,
250001150435,SLOUGH,
250001152473,SLOUGH,
250001255596,SLOUGH,
250001132352,SLOUGH,
250001217845,SLOUGH,
250001213536,SLOUGH,
250001198523,SLOUGH,
250001206552,SLOUGH,
250001260056,SLOUGH,
250001235821,SLOUGH,
250001187124,SLOUGH,
250001141871,SLOUGH,
250001140505,SLOUGH,
250001255664,SLOUGH,
250001129656,SLOUGH,
250001148602,SLOUGH,
250001264909,SLOUGH,
250001228685,SLOUGH,
250001123126,SLOUGH,
250001223936,SLOUGH,
250001213637,SLOUGH,
250001224162,SLOUGH,
250001142880,SLOUGH,
250001147150,SLOUGH,
250001191927,SLOUGH,
250001127539,SLOUGH,
250001216822,SLOUGH,
250001116014,SLOUGH,
250001250810,SLOUGH,
250001185285,SLOUGH,
250001127047,SLOUGH,
250001145341,SLOUGH,
250001209986,SLOUGH,
250001164481,SLOUGH,
250001129867,SLOUGH,
250001143443,SLOUGH,
250001190419,SLOUGH,
250001120124,SLOUGH,
250001266198,SLOUGH,
250001223758,SLOUGH,
250001144213,SLOUGH,
250001267250,SLOUGH,
250001264328,SLOUGH,
250001238834,SLOUGH,
250001230334,SLOUGH,
250001163917,SLOUGH,
250001207165,SLOUGH,
250001237853,SLOUGH,
250001152572,SLOUGH,
250001158479,SLOUGH,
250001178527,SLOUGH,
250001237310,SLOUGH,
250001211443,SLOUGH,
250001150518,SLOUGH,
250001141975,SLOUGH,
250001230033,SLOUGH,
250001188263,SLOUGH,
250001236021,SLOUGH,
250001126933,SLOUGH,
250001184398,SLOUGH,
250001141886,SLOUGH,
250001262531,SLOUGH,
250001224195,SLOUGH,
250001221392,SLOUGH,
250001227378,SLOUGH,
250001186334,SLOUGH,
250001183801,SLOUGH,
250001152293,SLOUGH,
250001254356,SLOUGH,
250001264177,SLOUGH,
250001145308,SLOUGH,
250001266530,SLOUGH,
250001158254,SLOUGH,
250001168509,SLOUGH,
250001152099,SLOUGH,
250001219696,SLOUGH,
250001118307,SLOUGH,
250001204219,SLOUGH,
250001180059,SLOUGH,
250001131119,SLOUGH,
250001124339,SLOUGH,
250001162620,SLOUGH,
250001189032,SLOUGH,
250001226013,SLOUGH,
250001223313,SLOUGH,
250001210336,SLOUGH,
250001140141,SLOUGH,
250001146188,SLOUGH,
250001168226,SLOUGH,
250001123635,SLOUGH,
250001209139,SLOUGH,
250001207353,SLOUGH,
250001247325,SLOUGH,
250001264754,SLOUGH,
250001223688,SLOUGH,
250001140763,SLOUGH,
250001266545,SLOUGH,
250001199153,SLOUGH,
250001120470,SLOUGH,
250001183697,SLOUGH,
250001240753,SLOUGH,
250001225407,SLOUGH,
250001151669,SLOUGH,
250001217934,SLOUGH,
250001150317,SLOUGH,
250001239934,SLOUGH,
250001224338,SLOUGH,
250001220364,SLOUGH,
250001200884,SLOUGH,
250001218874,SLOUGH,
250001216624,SLOUGH,
250001208834,SLOUGH,
250001161090,SLOUGH,
250001199320,SLOUGH,
250001129477,SLOUGH,
250001203797,SLOUGH,
250001141948,SLOUGH,
250001179608,SLOUGH,
250001241368,SLOUGH,
250001220159,SLOUGH,
250001173339,SLOUGH,
250001169102,SLOUGH,
250001114739,SLOUGH,
250001138100,SLOUGH,
250001199186,SLOUGH,
250001180389,SLOUGH,
250001147988,SLOUGH,
250001251560,SLOUGH,
250001211582,SLOUGH,
250001162685,SLOUGH,
250001203897,SLOUGH,
250001163327,SLOUGH,
250001253125,SLOUGH,
250001196025,SLOUGH,
250001145203,SLOUGH,
250001238836,SLOUGH,
250001250189,SLOUGH,
250001151875,SLOUGH,
250001241161,SLOUGH,
250001255561,SLOUGH,
250001245284,SLOUGH,
250001199600,SLOUGH,
250001142653,SLOUGH,
250001225280,SLOUGH,
250001170284,SLOUGH,
250001155000,SLOUGH,
250001247260,SLOUGH,
250001181398,SLOUGH,
250001187529,SLOUGH,
250001193366,SLOUGH,
250001151571,SLOUGH,
250001255098,SLOUGH,
250001178523,SLOUGH,
250001174875,SLOUGH,
250001173109,SLOUGH,
250001219328,SLOUGH,
250001161124,SLOUGH,
250001146217,SLOUGH,
250001136816,SLOUGH,
250001136376,SLOUGH,
250001260809,SLOUGH,
250001215803,SLOUGH,
250001180291,SLOUGH,
250001147026,SLOUGH,
250001253998,SLOUGH,
250001239593,SLOUGH,
250001120439,SLOUGH,
250001266999,SLOUGH,
250001191849,SLOUGH,
250001265642,SLOUGH,
250001159584,SLOUGH,
250001148638,SLOUGH,
250001194433,SLOUGH,
250001264186,SLOUGH,
250001257715,SLOUGH,
250001161101,SLOUGH,
250001135558,SLOUGH,
250001242246,SLOUGH,
250001128656,SLOUGH,
250001229620,SLOUGH,
250001112856,SLOUGH,
250001138678,SLOUGH,
250001244148,SLOUGH,
250001130439,SLOUGH,
250001262519,SLOUGH,
250001215447,SLOUGH,
250001137762,SLOUGH,
250001205988,SLOUGH,
250001158346,SLOUGH,
250001202606,SLOUGH,
250001145402,SLOUGH,
250001172350,SLOUGH,
250001125154,SLOUGH,
250001131819,SLOUGH,
250001127285,SLOUGH,
250001213200,SLOUGH,
250001184178,SLOUGH,
250001191913,SLOUGH,
250001144880,SLOUGH,
250001206350,SLOUGH,
250001164636,SLOUGH,
250001201303,SLOUGH,
250001212104,SLOUGH,
250001164189,SLOUGH,
250001257308,SLOUGH,
250001148809,SLOUGH,
250001133724,SLOUGH,
250001171857,SLOUGH,
250001144726,SLOUGH,
250001120184,SLOUGH,
250001247329,SLOUGH,
250001220688,SLOUGH,
250001239782,SLOUGH,
250001124342,SLOUGH,
250001188545,SLOUGH,
250001122643,SLOUGH,
250001159486,SLOUGH,
250001207198,SLOUGH,
250001250860,SLOUGH,
250001224894,SLOUGH,
250001253000,SLOUGH,
250001136083,SLOUGH,
250001202431,SLOUGH,
250001223243,SLOUGH,
250001245253,SLOUGH,
250001128089,SLOUGH,
250001261072,SLOUGH,
250001128584,SLOUGH,
250001154813,SLOUGH,
250001118825,SLOUGH,
250001140377,SLOUGH,
250001120133,SLOUGH,
250001258981,SLOUGH,
250001223734,SLOUGH,
250001173303,SLOUGH,
250001258674,SLOUGH,
250001150712,SLOUGH,
250001225053,SLOUGH,
250001194289,SLOUGH,
250001175078,SLOUGH,
250001234025,SLOUGH,
250001219157,SLOUGH,
250001192466,SLOUGH,
250001126132,SLOUGH,
250001256308,SLOUGH,
250001112728,SLOUGH,
250001178531,SLOUGH,
250001263123,SLOUGH,
250001194313,SLOUGH,
250001170475,SLOUGH,
250001181291,SLOUGH,
250001179857,SLOUGH,
250001258062,SLOUGH,
250001190097,SLOUGH,
250001114043,SLOUGH,
250001215560,SLOUGH,
250001188481,SLOUGH,
250001180808,SLOUGH,
250001143605,SLOUGH,
250001166091,SLOUGH,
250001267005,SLOUGH,
250001168580,SLOUGH,
250001128654,SLOUGH,
250001234320,SLOUGH,
250001167432,SLOUGH,
250001250553,SLOUGH,
250001199888,SLOUGH,
250001249421,SLOUGH,
250001181521,SLOUGH,
250001259757,SLOUGH,
250001159806,SLOUGH,
250001118611,SLOUGH,
250001145806,SLOUGH,
250001128322,SLOUGH,
250001211208,SLOUGH,
250001185084,SLOUGH,
250001161275,SLOUGH,
250001139889,SLOUGH,
250001188723,SLOUGH,
250001141041,SLOUGH,
250001160155,SLOUGH,
250001228801,SLOUGH,
250001190246,SLOUGH,
250001161767,SLOUGH,
250001133230,SLOUGH,
250001187468,SLOUGH,
250001200785,SLOUGH,
250001264505,SLOUGH,
250001254511,SLOUGH,
250001247279,SLOUGH,
250001152550,SLOUGH,
250001199820,SLOUGH,
250001125664,SLOUGH,
250001205483,SLOUGH,
250001191781,SLOUGH,
250001119874,SLOUGH,
250001146174,SLOUGH,
250001223865,SLOUGH,
250001157073,SLOUGH,
250001193620,SLOUGH,
250001227560,SLOUGH,
250001186835,SLOUGH,
250001159698,SLOUGH,
250001157547,SLOUGH,
250001187524,SLOUGH,
250001158935,SLOUGH,
250001112591,SLOUGH,
250001267900,SLOUGH,
250001219525,SLOUGH,
250001196937,SLOUGH,
250001148327,SLOUGH,
250001166275,SLOUGH,
250001123936,SLOUGH,
250001236274,SLOUGH,
250001256711,SLOUGH,
250001235276,SLOUGH,
250001160788,SLOUGH,
250001239317,SLOUGH,
250001197362,SLOUGH,
250001139969,SLOUGH,
250001222023,SLOUGH,
250001174060,SLOUGH,
250001220990,SLOUGH,
250001174017,SLOUGH,
250001172713,SLOUGH,
250001263937,SLOUGH,
250001263290,SLOUGH,
250001228127,SLOUGH,
250001134230,SLOUGH,
250001199329,SLOUGH,
250001243809,SLOUGH,
250001243582,SLOUGH,
250001204220,SLOUGH,
250001149555,SLOUGH,
250001116724,SLOUGH,
250001148517,SLOUGH,
250001224542,SLOUGH,
250001200070,SLOUGH,
250001236703,SLOUGH,
250001140167,SLOUGH,
250001132354,SLOUGH,
250001263985,SLOUGH,
250001238978,SLOUGH,
250001196729,SLOUGH,
250001199328,SLOUGH,
250001199968,SLOUGH,
250001150853,SLOUGH,
250001247396,SLOUGH,
250001207817,SLOUGH,
250001240073,SLOUGH,
250001116726,SLOUGH,
250001228457,SLOUGH,
250001214479,SLOUGH,
250001199852,SLOUGH,
250001143685,SLOUGH,
250001120131,SLOUGH,
250001174522,SLOUGH,
250001130001,SLOUGH,
250001181373,SLOUGH,
250001245366,SLOUGH,
250001225162,SLOUGH,
250001125232,SLOUGH,
250001260103,SLOUGH,
250001152625,SLOUGH,
250001131911,SLOUGH,
250001242811,SLOUGH,
250001176048,SLOUGH,
250001171218,SLOUGH,
250001203122,SLOUGH,
250001172675,SLOUGH,
250001162640,SLOUGH,
250001142272,SLOUGH,
250001187367,SLOUGH,
250001175667,SLOUGH,
250001128305,SLOUGH,
250001135860,SLOUGH,
250001194393,SLOUGH,
250001170551,SLOUGH,
250001244050,SLOUGH,
250001199517,SLOUGH,
250001211893,SLOUGH,
250001126939,SLOUGH,
250001167956,SLOUGH,
250001136140,SLOUGH,
250001255032,SLOUGH,
250001261422,SLOUGH,
250001237598,SLOUGH,
250001168765,SLOUGH,
250001228524,SLOUGH,
250001115628,SLOUGH,
250001130988,SLOUGH,
250001197501,SLOUGH,
250001152522,SLOUGH,
250001208491,SLOUGH,
250001232201,SLOUGH,
250001167447,SLOUGH,
250001183772,SLOUGH,
250001253232,SLOUGH,
250001180552,SLOUGH,
250001214171,SLOUGH,
250001229604,SLOUGH,
250001132086,SLOUGH,
250001250817,SLOUGH,
250001209671,SLOUGH,
250001177242,SLOUGH,
250001229483,SLOUGH,
250001178250,SLOUGH,
250001140061,SLOUGH,
250001187870,SLOUGH,
250001113580,SLOUGH,
250001131613,SLOUGH,
250001220336,SLOUGH,
250001237879,SLOUGH,
250001194746,SLOUGH,
250001193296,SLOUGH,
250001166846,SLOUGH,
250001211755,SLOUGH,
250001216008,SLOUGH,
250001125259,SLOUGH,
250001124521,SLOUGH,
250001150503,SLOUGH,
250001227146,SLOUGH,
250001157068,SLOUGH,
250001262123,SLOUGH,
250001174087,SLOUGH,
250001269538,SLOUGH,
250001116574,SLOUGH,
250001168583,SLOUGH,
250001247264,SLOUGH,
250001160602,SLOUGH,
250001154147,SLOUGH,
250001161911,SLOUGH,
250001156390,SLOUGH,
250001132324,SLOUGH,
250001241219,SLOUGH,
250001218129,SLOUGH,
250001191915,SLOUGH,
250001212840,SLOUGH,
250001212167,SLOUGH,
250001255977,SLOUGH,
250001133947,SLOUGH,
250001158678,SLOUGH,
250001202629,SLOUGH,
250001241339,SLOUGH,
250001266496,SLOUGH,
250001227111,SLOUGH,
250001134471,SLOUGH,
250001220991,SLOUGH,
250001139561,SLOUGH,
250001224676,SLOUGH,
250001152629,SLOUGH,
250001117255,SLOUGH,
250001131492,SLOUGH,
250001172279,SLOUGH,
250001207197,SLOUGH,
250001143471,SLOUGH,
250001129643,SLOUGH,
250001220104,SLOUGH,
250001257690,SLOUGH,
250001196872,SLOUGH,
250001171268,SLOUGH,
250001215240,SLOUGH,
250001259430,SLOUGH,
250001246797,SLOUGH,
250001220039,SLOUGH,
250001150724,SLOUGH,
250001239439,SLOUGH,
250001256921,SLOUGH,
250001194394,SLOUGH,
250001119703,SLOUGH,
250001214861,SLOUGH,
250001223310,SLOUGH,
250001216298,SLOUGH,
250001235137,SLOUGH,
250001136194,SLOUGH,
250001254228,SLOUGH,
250001192049,SLOUGH,
250001206946,SLOUGH,
250001151670,SLOUGH,
250001139874,SLOUGH,
250001203669,SLOUGH,
250001119397,SLOUGH,
250001238157,SLOUGH,
250001176381,SLOUGH,
250001200001,SLOUGH,
250001175354,SLOUGH,
250001132845,SLOUGH,
250001151403,SLOUGH,
250001141320,SLOUGH,
250001263657,SLOUGH,
250001166092,SLOUGH,
250001244780,SLOUGH,
250001264785,SLOUGH,
250001223141,SLOUGH,
250001199583,SLOUGH,
250001154934,SLOUGH,
250001223937,SLOUGH,
250001124676,SLOUGH,
250001190983,SLOUGH,
250001156235,SLOUGH,
250001148140,SLOUGH,
250001196007,SLOUGH,
250001237200,SLOUGH,
250001195996,SLOUGH,
250001179469,SLOUGH,
250001249112,SLOUGH,
250001207456,SLOUGH,
250001264140,SLOUGH,
250001136416,SLOUGH,
250001200085,SLOUGH,
250001183542,SLOUGH,
250001251724,SLOUGH,
250001251474,SLOUGH,
250001175056,SLOUGH,
250001247750,SLOUGH,
250001265638,SLOUGH,
250001247245,SLOUGH,
250001262991,SLOUGH,
250001151915,SLOUGH,
250001167177,SLOUGH,
250001141786,SLOUGH,
250001118973,SLOUGH,
250001112457,SLOUGH,
250001174435,SLOUGH,
250001229951,SLOUGH,
250001127431,SLOUGH,
250001231993,SLOUGH,
250001202396,SLOUGH,
250001136504,SLOUGH,
250001205914,SLOUGH,
250001128357,SLOUGH,
250001231874,SLOUGH,
250001235498,SLOUGH,
250001169394,SLOUGH,
250001252289,SLOUGH,
250001181294,SLOUGH,
250001192012,SLOUGH,
250001185077,SLOUGH,
250001191585,SLOUGH,
250001168546,SLOUGH,
250001176823,SLOUGH,
250001173460,SLOUGH,
250001219564,SLOUGH,
250001115625,SLOUGH,
250001259915,SLOUGH,
250001195150,SLOUGH,
250001115391,SLOUGH,
250001204623,SLOUGH,
250001191054,SLOUGH,
250001167770,SLOUGH,
250001196857,SLOUGH,
250001267507,SLOUGH,
250001170228,SLOUGH,
250001200407,SLOUGH,
250001145230,SLOUGH,
250001129163,SLOUGH,
250001177885,SLOUGH,
250001125158,SLOUGH,
250001176544,SLOUGH,
250001116647,SLOUGH,
250001255317,SLOUGH,
250001229032,SLOUGH,
250001182000,SLOUGH,
250001131623,SLOUGH,
250001263833,SLOUGH,
250001228119,SLOUGH,
250001138972,SLOUGH,
250001116150,SLOUGH,
250001164760,SLOUGH,
250001172089,SLOUGH,
250001132661,SLOUGH,
250001254758,SLOUGH,
250001188086,SLOUGH,
250001188963,SLOUGH,
250001228454,SLOUGH,
250001245880,SLOUGH,
250001221160,SLOUGH,
250001166831,SLOUGH,
250001239573,SLOUGH,
250001178150,SLOUGH,
250001128215,SLOUGH,
250001183049,SLOUGH,
250001235107,SLOUGH,
250001182833,SLOUGH,
250001120901,SLOUGH,
250001239970,SLOUGH,
250001165663,SLOUGH,
250001215728,SLOUGH,
250001128967,SLOUGH,
250001246448,SLOUGH,
250001240044,SLOUGH,
250001135970,SLOUGH,
250001176291,SLOUGH,
250001205307,SLOUGH,
250001223410,SLOUGH,
250001124292,SLOUGH,
250001180527,SLOUGH,
250001141456,SLOUGH,
250001255815,SLOUGH,
250001225074,SLOUGH,
250001155138,SLOUGH,
250001143728,SLOUGH,
250001180332,SLOUGH,
250001262593,SLOUGH,
250001126059,SLOUGH,
250001184177,SLOUGH,
250001159569,SLOUGH,
250001120647,SLOUGH,
250001150644,SLOUGH,
250001266751,SLOUGH,
250001264395,SLOUGH,
250001205485,SLOUGH,
250001200008,SLOUGH,
250001136423,SLOUGH,
250001159942,SLOUGH,
250001176368,SLOUGH,
250001150377,SLOUGH,
250001172403,SLOUGH,
250001261927,SLOUGH,
250001184175,SLOUGH,
250001187667,SLOUGH,
250001220258,SLOUGH,
250001128589,SLOUGH,
250001133448,SLOUGH,
250001126319,SLOUGH,
250001266485,SLOUGH,
250001245594,SLOUGH,
250001195337,SLOUGH,
250001230832,SLOUGH,
250001183481,SLOUGH,
250001208502,SLOUGH,
250001156356,SLOUGH,
250001202834,SLOUGH,
250001154653,SLOUGH,
250001131223,SLOUGH,
250001237900,SLOUGH,
250001211612,SLOUGH,
250001207397,SLOUGH,
250001136315,SLOUGH,
250001157557,SLOUGH,
250001259191,SLOUGH,
250001127953,SLOUGH,
250001232002,SLOUGH,
250001124338,SLOUGH,
250001183341,SLOUGH,
250001174285,SLOUGH,
250001202499,SLOUGH,
250001266412,SLOUGH,
250001163978,SLOUGH,
250001192410,SLOUGH,
250001123132,SLOUGH,
250001230177,SLOUGH,
250001197626,SLOUGH,
250001263667,SLOUGH,
250001223316,SLOUGH,
250001187484,SLOUGH,
250001140854,SLOUGH,
250001254063,SLOUGH,
250001251305,SLOUGH,
250001158381,SLOUGH,
250001256328,SLOUGH,
250001203676,SLOUGH,
250001197473,SLOUGH,
250001146627,SLOUGH,
250001250113,SLOUGH,
250001130795,SLOUGH,
250001184585,SLOUGH,
250001185004,SLOUGH,
250001259197,SLOUGH,
250001121870,SLOUGH,
250001264710,SLOUGH,
250001189985,SLOUGH,
250001156722,SLOUGH,
250001211680,SLOUGH,
250001155493,SLOUGH,
250001189423,SLOUGH,
250001204245,SLOUGH,
250001148193,SLOUGH,
250001223067,SLOUGH,
250001124156,SLOUGH,
250001218869,SLOUGH,
250001214996,SLOUGH,
250001259063,SLOUGH,
250001240874,SLOUGH,
250001203742,SLOUGH,
250001258494,SLOUGH,
250001251308,SLOUGH,
250001242800,SLOUGH,
250001155521,SLOUGH,
250001160857,SLOUGH,
250001209835,SLOUGH,
250001247266,SLOUGH,
250001133952,SLOUGH,
250001207696,SLOUGH,
250001239910,SLOUGH,
250001237952,SLOUGH,
250001217560,SLOUGH,
250001194968,SLOUGH,
250001135864,SLOUGH,
250001144286,SLOUGH,
250001209507,SLOUGH,
250001227941,SLOUGH,
250001211807,SLOUGH,
250001120056,SLOUGH,
250001187169,SLOUGH,
250001177807,SLOUGH,
250001187931,SLOUGH,
250001131664,SLOUGH,
250001165980,SLOUGH,
250001194038,SLOUGH,
250001183313,SLOUGH,
250001220554,SLOUGH,
250001152878,SLOUGH,
250001181963,SLOUGH,
250001184095,SLOUGH,
250001250543,SLOUGH,
250001131441,SLOUGH,
250001254808,SLOUGH,
250001239562,SLOUGH,
250001213490,SLOUGH,
250001159361,SLOUGH,
250001193174,SLOUGH,
250001239454,SLOUGH,
250001204811,SLOUGH,
250001113155,SLOUGH,
250001124082,SLOUGH,
250001160594,SLOUGH,
250001128614,SLOUGH,
250001168223,SLOUGH,
250001155027,SLOUGH,
250001197492,SLOUGH,
250001160667,SLOUGH,
250001124821,SLOUGH,
250001260607,SLOUGH,
250001216318,SLOUGH,
250001143318,SLOUGH,
250001234907,SLOUGH,
250001180941,SLOUGH,
250001247805,SLOUGH,
250001156350,SLOUGH,
250001218686,SLOUGH,
250001208807,SLOUGH,
250001148190,SLOUGH,
250001232585,SLOUGH,
250001231074,SLOUGH,
250001267041,SLOUGH,
250001178338,SLOUGH,
250001152785,SLOUGH,
250001211651,SLOUGH,
250001208831,SLOUGH,
250001139037,SLOUGH,
250001224488,SLOUGH,
250001152865,SLOUGH,
250001207850,SLOUGH,
250001156850,SLOUGH,
250001180633,SLOUGH,
250001242308,SLOUGH,
250001240865,SLOUGH,
250001130728,SLOUGH,
250001132350,SLOUGH,
250001122534,SLOUGH,
250001232316,SLOUGH,
250001185511,SLOUGH,
250001127126,SLOUGH,
250001124880,SLOUGH,
250001193516,SLOUGH,
250001256479,SLOUGH,
250001241179,SLOUGH,
250001196264,SLOUGH,
250001251355,SLOUGH,
250001147713,SLOUGH,
250001236426,SLOUGH,
250001202233,SLOUGH,
250001116723,SLOUGH,
250001234101,SLOUGH,
250001171545,SLOUGH,
250001164238,SLOUGH,
250001243332,SLOUGH,
250001248163,SLOUGH,
250001155732,SLOUGH,
250001186811,SLOUGH,
250001258108,SLOUGH,
250001204426,SLOUGH,
250001247200,SLOUGH,
250001234933,SLOUGH,
250001262026,SLOUGH,
250001200290,SLOUGH,
250001228508,SLOUGH,
250001262173,SLOUGH,
250001226060,SLOUGH,
250001210823,SLOUGH,
250001171946,SLOUGH,
250001146719,SLOUGH,
250001207957,SLOUGH,
250001190366,SLOUGH,
250001264135,SLOUGH,
250001155012,SLOUGH,
250001206365,SLOUGH,
250001234265,SLOUGH,
250001207580,SLOUGH,
250001266691,SLOUGH,
250001143971,SLOUGH,
250001180554,SLOUGH,
250001187309,SLOUGH,
250001196005,SLOUGH,
250001116340,SLOUGH,
250001231281,SLOUGH,
250001132587,SLOUGH,
250001246044,SLOUGH,
250001164421,SLOUGH,
250001119615,SLOUGH,
250001179862,SLOUGH,
250001264199,SLOUGH,
250001258274,SLOUGH,
250001193412,SLOUGH,
250001148637,SLOUGH,
250001209303,SLOUGH,
250001169640,SLOUGH,
250001180229,SLOUGH,
250001215952,SLOUGH,
250001172289,SLOUGH,
250001229653,SLOUGH,
250001262775,SLOUGH,
250001201272,SLOUGH,
250001141145,SLOUGH,
250001115609,SLOUGH,
250001224674,SLOUGH,
250001184511,SLOUGH,
250001262336,SLOUGH,
250001202229,SLOUGH,
250001198839,SLOUGH,
250001146636,SLOUGH,
250001254285,SLOUGH,
250001208852,SLOUGH,
250001128061,SLOUGH,
250001212087,SLOUGH,
250001117458,SLOUGH,
250001243432,SLOUGH,
250001262827,SLOUGH,
250001165991,SLOUGH,
250001139526,SLOUGH,
250001156507,SLOUGH,
250001150847,SLOUGH,
250001204114,SLOUGH,
250001203677,SLOUGH,
250001153244,SLOUGH,
250001220732,SLOUGH,
250001184562,SLOUGH,
250001223314,SLOUGH,
250001143899,SLOUGH,
250001220354,SLOUGH,
250001152882,SLOUGH,
250001132330,SLOUGH,
250001164347,SLOUGH,
250001227553,SLOUGH,
250001213589,SLOUGH,
250001196728,SLOUGH,
250001148827,SLOUGH,
250001131349,SLOUGH,
250001267032,SLOUGH,
250001229420,SLOUGH,
250001215684,SLOUGH,
250001197121,SLOUGH,
250001147393,SLOUGH,
250001173628,SLOUGH,
250001228606,SLOUGH,
250001146450,SLOUGH,
250001215776,SLOUGH,
250001246527,SLOUGH,
250001127586,SLOUGH,
250001184182,SLOUGH,
250001233239,SLOUGH,
250001144635,SLOUGH,
250001121949,SLOUGH,
250001197444,SLOUGH,
250001211220,SLOUGH,
250001249515,SLOUGH,
250001196313,SLOUGH,
250001150290,SLOUGH,
250001127067,SLOUGH,
250001267706,SLOUGH,
250001200040,SLOUGH,
250001266584,SLOUGH,
250001175650,SLOUGH,
250001144313,SLOUGH,
250001241742,SLOUGH,
250001210582,SLOUGH,
250001188088,SLOUGH,
250001162819,SLOUGH,
250001128680,SLOUGH,
250001193049,SLOUGH,
250001153421,SLOUGH,
250001209624,SLOUGH,
250001183011,SLOUGH,
250001228187,SLOUGH,
250001262679,SLOUGH,
250001263292,SLOUGH,
250001255598,SLOUGH,
250001223443,SLOUGH,
250001160938,SLOUGH,
250001241940,SLOUGH,
250001262529,SLOUGH,
250001255825,SLOUGH,
250001161202,SLOUGH,
250001238574,SLOUGH,
250001258537,SLOUGH,
250001178336,SLOUGH,
250001236243,SLOUGH,
250001219363,SLOUGH,
250001179056,SLOUGH,
250001156079,SLOUGH,
250001232655,SLOUGH,
250001260592,SLOUGH,
250001206137,SLOUGH,
250001162280,SLOUGH,
250001141043,SLOUGH,
250001204329,SLOUGH,
250001134741,SLOUGH,
250001199010,SLOUGH,
250001153589,SLOUGH,
250001236388,SLOUGH,
250001212226,SLOUGH,
250001254173,SLOUGH,
250001182845,SLOUGH,
250001169580,SLOUGH,
250001120137,SLOUGH,
250001144392,SLOUGH,
250001170988,SLOUGH,
250001231313,SLOUGH,
250001160864,SLOUGH,
250001232280,SLOUGH,
250001249514,SLOUGH,
250001188499,SLOUGH,
250001163916,SLOUGH,
250001148943,SLOUGH,
250001161086,SLOUGH,
250001127288,SLOUGH,
250001148179,SLOUGH,
250001224178,SLOUGH,
250001134750,SLOUGH,
250001154406,SLOUGH,
250001208438,SLOUGH,
250001257670,SLOUGH,
250001160611,SLOUGH,
250001227366,SLOUGH,
250001268132,SLOUGH,
250001236122,SLOUGH,
250001160443,SLOUGH,
250001247305,SLOUGH,
250001121151,SLOUGH,
250001218597,SLOUGH,
250001130601,SLOUGH,
250001184946,SLOUGH,
250001177926,SLOUGH,
250001247632,SLOUGH,
250001127951,SLOUGH,
250001196233,SLOUGH,
250001127270,SLOUGH,
250001159273,SLOUGH,
250001248147,SLOUGH,
250001239068,SLOUGH,
250001202995,SLOUGH,
250001218307,SLOUGH,
250001207014,SLOUGH,
250001229170,SLOUGH,
250001177284,SLOUGH,
250001182898,SLOUGH,
250001143949,SLOUGH,
250001243540,SLOUGH,
250001169671,SLOUGH,
250001200110,SLOUGH,
250001199550,SLOUGH,
250001205599,SLOUGH,
250001197246,SLOUGH,
250001181280,SLOUGH,
250001139936,SLOUGH,
250001178969,SLOUGH,
250001192904,SLOUGH,
250001196449,SLOUGH,
250001260017,SLOUGH,
250001207450,SLOUGH,
250001203908,SLOUGH,
250001220130,SLOUGH,
250001163588,SLOUGH,
250001145599,SLOUGH,
250001137204,SLOUGH,
250001228362,SLOUGH,
250001256035,SLOUGH,
250001212708,SLOUGH,
250001211257,SLOUGH,
250001240297,SLOUGH,
250001178844,SLOUGH,
250001169989,SLOUGH,
250001119284,SLOUGH,
250001138380,SLOUGH,
250001214255,SLOUGH,
250001255360,SLOUGH,
250001215455,SLOUGH,
250001125012,SLOUGH,
250001188754,SLOUGH,
250001152087,SLOUGH,
250001215880,SLOUGH,
250001192624,SLOUGH,
250001125607,SLOUGH,
250001255652,SLOUGH,
250001205488,SLOUGH,
250001142440,SLOUGH,
250001246808,SLOUGH,
250001130798,SLOUGH,
250001118418,SLOUGH,
250001152248,SLOUGH,
250001114384,SLOUGH,
250001255687,SLOUGH,
250001143956,SLOUGH,
250001247476,SLOUGH,
250001223097,SLOUGH,
250001219748,SLOUGH,
250001241575,SLOUGH,
250001113820,SLOUGH,
250001259486,SLOUGH,
250001168491,SLOUGH,
250001260199,SLOUGH,
250001184547,SLOUGH,
250001208810,SLOUGH,
250001119951,SLOUGH,
250001228711,SLOUGH,
250001148129,SLOUGH,
250001118882,SLOUGH,
250001191911,SLOUGH,
250001150558,SLOUGH,
250001131211,SLOUGH,
250001141806,SLOUGH,
250001135230,SLOUGH,
250001244401,SLOUGH,
250001195196,SLOUGH,
250001175016,SLOUGH,
250001177806,SLOUGH,
250001120213,SLOUGH,
250001201281,SLOUGH,
250001135570,SLOUGH,
250001261115,SLOUGH,
250001174684,SLOUGH,
250001251122,SLOUGH,
250001190584,SLOUGH,
250001152401,SLOUGH,
250001244229,SLOUGH,
250001210524,SLOUGH,
250001176050,SLOUGH,
250001196960,SLOUGH,
250001167128,SLOUGH,
250001227107,SLOUGH,
250001137193,SLOUGH,
250001227827,SLOUGH,
250001200011,SLOUGH,
250001149102,SLOUGH,
250001239828,SLOUGH,
250001198507,SLOUGH,
250001161064,SLOUGH,
250001138322,SLOUGH,
250001200224,SLOUGH,
250001147357,SLOUGH,
250001166118,SLOUGH,
250001246634,SLOUGH,
250001240847,SLOUGH,
250001199563,SLOUGH,
250001162486,SLOUGH,
250001160332,SLOUGH,
250001147127,SLOUGH,
250001208486,SLOUGH,
250001248763,SLOUGH,
250001194896,SLOUGH,
250001215004,SLOUGH,
250001150241,SLOUGH,
250001141998,SLOUGH,
250001174841,SLOUGH,
250001135886,SLOUGH,
250001188550,SLOUGH,
250001263929,SLOUGH,
250001263800,SLOUGH,
250001136525,SLOUGH,
250001169397,SLOUGH,
250001193719,SLOUGH,
250001200609,SLOUGH,
250001158836,SLOUGH,
250001150103,SLOUGH,
250001158286,SLOUGH,
250001160281,SLOUGH,
250001248237,SLOUGH,
250001168547,SLOUGH,
250001142006,SLOUGH,
250001232293,SLOUGH,
250001167274,SLOUGH,
250001252076,SLOUGH,
250001241111,SLOUGH,
250001155110,SLOUGH,
250001204980,SLOUGH,
250001222325,SLOUGH,
250001169250,SLOUGH,
250001250058,SLOUGH,
250001226643,SLOUGH,
250001254149,SLOUGH,
250001167696,SLOUGH,
250001160954,SLOUGH,
250001238778,SLOUGH,
250001132386,SLOUGH,
250001117472,SLOUGH,
250001255701,SLOUGH,
250001230799,SLOUGH,
250001140965,SLOUGH,
250001137517,SLOUGH,
250001158390,SLOUGH,
250001127432,SLOUGH,
250001132140,SLOUGH,
250001182005,SLOUGH,
250001157633,SLOUGH,
250001246293,SLOUGH,
250001267277,SLOUGH,
250001252319,SLOUGH,
250001247050,SLOUGH,
250001243486,SLOUGH,
250001242578,SLOUGH,
250001236397,SLOUGH,
250001219569,SLOUGH,
250001248715,SLOUGH,
250001241297,SLOUGH,
250001133174,SLOUGH,
250001229120,SLOUGH,
250001261071,SLOUGH,
250001267927,SLOUGH,
250001185750,SLOUGH,
250001211830,SLOUGH,
250001160455,SLOUGH,
250001152376,SLOUGH,
250001240856,SLOUGH,
250001211914,SLOUGH,
250001264142,SLOUGH,
250001232311,SLOUGH,
250001230987,SLOUGH,
250001210271,SLOUGH,
250001247267,SLOUGH,
250001161004,SLOUGH,
250001240871,SLOUGH,
250001136362,SLOUGH,
250001256842,SLOUGH,
250001168414,SLOUGH,
250001211591,SLOUGH,
250001148888,SLOUGH,
250001180400,SLOUGH,
250001114530,SLOUGH,
250001262216,SLOUGH,
250001188854,SLOUGH,
250001207819,SLOUGH,
250001218967,SLOUGH,
250001251197,SLOUGH,
250001205671,SLOUGH,
250001223398,SLOUGH,
250001200756,SLOUGH,
250001202607,SLOUGH,
250001230478,SLOUGH,
250001227189,SLOUGH,
250001169496,SLOUGH,
250001214847,SLOUGH,
250001251684,SLOUGH,
250001174423,SLOUGH,
250001131822,SLOUGH,
250001205726,SLOUGH,
250001237459,SLOUGH,
250001202713,SLOUGH,
250001247976,SLOUGH,
250001113881,SLOUGH,
250001258976,SLOUGH,
250001188409,SLOUGH,
250001167489,SLOUGH,
250001255059,SLOUGH,
250001116586,SLOUGH,
250001143317,SLOUGH,
250001176549,SLOUGH,
250001166053,SLOUGH,
250001121574,SLOUGH,
250001132391,SLOUGH,
250001206902,SLOUGH,
250001113347,SLOUGH,
250001218522,SLOUGH,
250001239570,SLOUGH,
250001159253,SLOUGH,
250001239465,SLOUGH,
250001136614,SLOUGH,
250001174363,SLOUGH,
250001123952,SLOUGH,
250001212409,SLOUGH,
250001132135,SLOUGH,
250001247736,SLOUGH,
250001226457,SLOUGH,
250001146238,SLOUGH,
250001164731,SLOUGH,
250001140595,SLOUGH,
250001212890,SLOUGH,
250001129789,SLOUGH,
250001190364,SLOUGH,
250001132502,SLOUGH,
250001257586,SLOUGH,
250001245361,SLOUGH,
250001212142,SLOUGH,
250001147983,SLOUGH,
250001195566,SLOUGH,
250001133441,SLOUGH,
250001263365,SLOUGH,
250001195401,SLOUGH,
250001141179,SLOUGH,
250001142356,SLOUGH,
250001132416,SLOUGH,
250001178346,SLOUGH,
250001201419,SLOUGH,
250001131012,SLOUGH,
250001192021,SLOUGH,
250001199812,SLOUGH,
250001240979,SLOUGH,
250001229088,SLOUGH,
250001244635,SLOUGH,
250001139016,SLOUGH,
250001190035,SLOUGH,
250001216060,SLOUGH,
250001211710,SLOUGH,
250001256496,SLOUGH,
250001239657,SLOUGH,
250001195119,SLOUGH,
250001255949,SLOUGH,
250001216798,SLOUGH,
250001258006,SLOUGH,
250001183385,SLOUGH,
250001132376,SLOUGH,
250001128366,SLOUGH,
250001261552,SLOUGH,
250001181397,SLOUGH,
250001172736,SLOUGH,
250001254873,SLOUGH,
250001130814,SLOUGH,
250001190682,SLOUGH,
250001154175,SLOUGH,
250001234553,SLOUGH,
250001241501,SLOUGH,
250001237936,SLOUGH,
250001127745,SLOUGH,
250001251429,SLOUGH,
250001199461,SLOUGH,
250001132080,SLOUGH,
250001114414,SLOUGH,
250001168066,SLOUGH,
250001207528,SLOUGH,
250001255470,SLOUGH,
250001160616,SLOUGH,
250001221093,SLOUGH,
250001247833,SLOUGH,
250001268474,SLOUGH,
250001256686,SLOUGH,
250001171729,SLOUGH,
250001234474,SLOUGH,
250001264254,SLOUGH,
250001222119,SLOUGH,
250001265247,SLOUGH,
250001161369,SLOUGH,
250001170986,SLOUGH,
250001247853,SLOUGH,
250001140697,SLOUGH,
250001139371,SLOUGH,
250001229966,SLOUGH,
250001172341,SLOUGH,
250001234921,SLOUGH,
250001112436,SLOUGH,
250001194413,SLOUGH,
250001142525,SLOUGH,
250001135358,SLOUGH,
250001264228,SLOUGH,
250001127254,SLOUGH,
250001191256,SLOUGH,
250001163297,SLOUGH,
250001160379,SLOUGH,
250001226791,SLOUGH,
250001135935,SLOUGH,
250001237391,SLOUGH,
250001167727,SLOUGH,
250001262021,SLOUGH,
250001138239,SLOUGH,
250001204377,SLOUGH,
250001135857,SLOUGH,
250001175024,SLOUGH,
250001206491,SLOUGH,
250001152972,SLOUGH,
250001165054,SLOUGH,
250001244699,SLOUGH,
250001215726,SLOUGH,
250001194197,SLOUGH,
250001266020,SLOUGH,
250001262602,SLOUGH,
250001132072,SLOUGH,
250001167009,SLOUGH,
250001146589,SLOUGH,
250001245938,SLOUGH,
250001196873,SLOUGH,
250001235238,SLOUGH,
250001176809,SLOUGH,
250001170939,SLOUGH,
250001188268,SLOUGH,
250001259723,SLOUGH,
250001116148,SLOUGH,
250001149289,SLOUGH,
250001205607,SLOUGH,
250001192720,SLOUGH,
250001248686,SLOUGH,
250001124182,SLOUGH,
250001121122,SLOUGH,
250001206637,SLOUGH,
250001207406,SLOUGH,
250001187229,SLOUGH,
250001231199,SLOUGH,
250001156185,SLOUGH,
250001237838,SLOUGH,
250001157382,SLOUGH,
250001225243,SLOUGH,
250001162437,SLOUGH,
250001256640,SLOUGH,
250001116144,SLOUGH,
250001117694,SLOUGH,
250001268148,SLOUGH,
250001266650,SLOUGH,
250001226965,SLOUGH,
250001231750,SLOUGH,
250001214370,SLOUGH,
250001181374,SLOUGH,
250001152879,SLOUGH,
250001143726,SLOUGH,
250001251461,SLOUGH,
250001136322,SLOUGH,
250001245699,SLOUGH,
250001232255,SLOUGH,
250001203178,SLOUGH,
250001194832,SLOUGH,
250001241162,SLOUGH,
250001235690,SLOUGH,
250001128332,SLOUGH,
250001210866,SLOUGH,
250001164150,SLOUGH,
250001188861,SLOUGH,
250001188108,SLOUGH,
250001258728,SLOUGH,
250001248782,SLOUGH,
250001205484,SLOUGH,
250001148387,SLOUGH,
250001211569,SLOUGH,
250001118652,SLOUGH,
250001223560,SLOUGH,
250001189607,SLOUGH,
250001255027,SLOUGH,
250001234703,SLOUGH,
250001171995,SLOUGH,
250001116567,SLOUGH,
250001252397,SLOUGH,
250001124144,SLOUGH,
250001138645,SLOUGH,
250001186500,SLOUGH,
250001206300,SLOUGH,
250001133951,SLOUGH,
250001212768,SLOUGH,
250001255257,SLOUGH,
250001244183,SLOUGH,
250001240031,SLOUGH,
250001187175,SLOUGH,
250001185773,SLOUGH,
250001195997,SLOUGH,
250001221197,SLOUGH,
250001196171,SLOUGH,
250001186342,SLOUGH,
250001137529,SLOUGH,
250001233565,SLOUGH,
250001174395,SLOUGH,
250001140171,SLOUGH,
250001220918,SLOUGH,
250001172870,SLOUGH,
250001120751,SLOUGH,
250001220469,SLOUGH,
250001251730,SLOUGH,
250001216359,SLOUGH,
250001259024,SLOUGH,
250001135506,SLOUGH,
250001160261,SLOUGH,
250001251607,SLOUGH,
250001246065,SLOUGH,
250001204603,SLOUGH,
250001180377,SLOUGH,
250001150807,SLOUGH,
250001213611,SLOUGH,
250001116784,SLOUGH,
250001140090,SLOUGH,
250001251191,SLOUGH,
250001174123,SLOUGH,
250001117396,SLOUGH,
250001264428,SLOUGH,
250001150206,SLOUGH,
250001225949,SLOUGH,
250001199834,SLOUGH,
250001181501,SLOUGH,
250001172458,SLOUGH,
250001131712,SLOUGH,
250001261434,SLOUGH,
250001130002,SLOUGH,
250001158392,SLOUGH,
250001130634,SLOUGH,
250001146243,SLOUGH,
250001136340,SLOUGH,
250001114017,SLOUGH,
250001248664,SLOUGH,
250001207806,SLOUGH,
250001226630,SLOUGH,
250001239821,SLOUGH,
250001196027,SLOUGH,
250001170131,SLOUGH,
250001127796,SLOUGH,
250001118366,SLOUGH,
250001205667,SLOUGH,
250001242804,SLOUGH,
250001227333,SLOUGH,
250001191887,SLOUGH,
250001172442,SLOUGH,
250001138478,SLOUGH,
250001129052,SLOUGH,
250001211617,SLOUGH,
250001240633,SLOUGH,
250001183797,SLOUGH,
250001181686,SLOUGH,
250001236066,SLOUGH,
250001221470,SLOUGH,
250001170033,SLOUGH,
250001215895,SLOUGH,
250001208957,SLOUGH,
250001180571,SLOUGH,
250001176186,SLOUGH,
250001187196,SLOUGH,
250001128567,SLOUGH,
250001220372,SLOUGH,
250001130873,SLOUGH,
250001246291,SLOUGH,
250001224605,SLOUGH,
250001212771,SLOUGH,
250001236065,SLOUGH,
250001242806,SLOUGH,
250001147953,SLOUGH,
250001257929,SLOUGH,
250001199808,SLOUGH,
250001262079,SLOUGH,
250001227985,SLOUGH,
250001186526,SLOUGH,
250001250052,SLOUGH,
250001188973,SLOUGH,
250001182361,SLOUGH,
250001216123,SLOUGH,
250001209969,SLOUGH,
250001177550,SLOUGH,
250001184565,SLOUGH,
250001138686,SLOUGH,
250001250239,SLOUGH,
250001246791,SLOUGH,
250001173583,SLOUGH,
250001225161,SLOUGH,
250001156979,SLOUGH,
250001207331,SLOUGH,
250001145862,SLOUGH,
250001197171,SLOUGH,
250001258539,SLOUGH,
250001126996,SLOUGH,
250001199608,SLOUGH,
250001141989,SLOUGH,
250001232516,SLOUGH,
250001134179,SLOUGH,
250001142896,SLOUGH,
250001188837,SLOUGH,
250001147047,SLOUGH,
250001192730,SLOUGH,
250001140740,SLOUGH,
250001132855,SLOUGH,
250001265157,SLOUGH,
250001180238,SLOUGH,
250001180214,SLOUGH,
250001147576,SLOUGH,
250001132054,SLOUGH,
250001139955,SLOUGH,
250001121556,SLOUGH,
250001151561,SLOUGH,
250001183414,SLOUGH,
250001216352,SLOUGH,
250001134223,SLOUGH,
250001229469,SLOUGH,
250001256707,SLOUGH,
250001243824,SLOUGH,
250001239049,SLOUGH,
250001219744,SLOUGH,
250001124358,SLOUGH,
250001262577,SLOUGH,
250001163805,SLOUGH,
250001192942,SLOUGH,
250001231456,SLOUGH,
250001218654,SLOUGH,
250001155741,SLOUGH,
250001134858,SLOUGH,
250001176834,SLOUGH,
250001173034,SLOUGH,
250001249420,SLOUGH,
250001206976,SLOUGH,
250001167296,SLOUGH,
250001262365,SLOUGH,
250001121149,SLOUGH,
250001263215,SLOUGH,
250001223309,SLOUGH,
250001244465,SLOUGH,
250001188222,SLOUGH,
250001125068,SLOUGH,
250001238551,SLOUGH,
250001190610,SLOUGH,
250001246113,SLOUGH,
250001237815,SLOUGH,
250001120073,SLOUGH,
250001196377,SLOUGH,
250001144667,SLOUGH,
250001113526,SLOUGH,
250001160492,SLOUGH,
250001199313,SLOUGH,
250001243201,SLOUGH,
250001255367,SLOUGH,
250001266716,SLOUGH,
250001134658,SLOUGH,
250001248169,SLOUGH,
250001232424,SLOUGH,
250001216064,SLOUGH,
250001265676,SLOUGH,
250001236087,SLOUGH,
250001219997,SLOUGH,
250001206172,SLOUGH,
250001194899,SLOUGH,
250001248114,SLOUGH,
250001168483,SLOUGH,
250001265054,SLOUGH,
250001145683,SLOUGH,
250001174171,SLOUGH,
250001228414,SLOUGH,
250001226775,SLOUGH,
250001201706,SLOUGH,
250001250523,SLOUGH,
250001145219,SLOUGH,
250001166514,SLOUGH,
250001145839,SLOUGH,
250001242805,SLOUGH,
250001114890,SLOUGH,
250001259151,SLOUGH,
250001218076,SLOUGH,
250001150836,SLOUGH,
250001266558,SLOUGH,
250001151722,SLOUGH,
250001199762,SLOUGH,
250001262824,SLOUGH,
250001142769,SLOUGH,
250001122357,SLOUGH,
250001158396,SLOUGH,
250001151762,SLOUGH,
250001200626,SLOUGH,
250001196772,SLOUGH,
250001163870,SLOUGH,
250001232430,SLOUGH,
250001158473,SLOUGH,
250001251317,SLOUGH,
250001187389,SLOUGH,
250001156572,SLOUGH,
250001135521,SLOUGH,
250001118373,SLOUGH,
250001217795,SLOUGH,
250001122382,SLOUGH,
250001255973,SLOUGH,
250001172828,SLOUGH,
250001152979,SLOUGH,
250001121131,SLOUGH,
250001161045,SLOUGH,
250001168849,SLOUGH,
250001223815,SLOUGH,
250001184571,SLOUGH,
250001121465,SLOUGH,
250001184512,SLOUGH,
250001210254,SLOUGH,
250001211295,SLOUGH,
250001179650,SLOUGH,
250001191912,SLOUGH,
250001144985,SLOUGH,
250001212224,SLOUGH,
250001167385,SLOUGH,
250001224330,SLOUGH,
250001169523,SLOUGH,
250001156344,SLOUGH,
250001162484,SLOUGH,
250001248096,SLOUGH,
250001120688,SLOUGH,
250001216508,SLOUGH,
250001133072,SLOUGH,
250001252834,SLOUGH,
250001198284,SLOUGH,
250001207194,SLOUGH,
250001224014,SLOUGH,
250001135276,SLOUGH,
250001212155,SLOUGH,
250001257546,SLOUGH,
250001191661,SLOUGH,
250001168948,SLOUGH,
250001252739,SLOUGH,
250001239188,SLOUGH,
250001219626,SLOUGH,
250001156779,SLOUGH,
250001220587,SLOUGH,
250001215463,SLOUGH,
250001164382,SLOUGH,
250001267148,SLOUGH,
250001152175,SLOUGH,
250001223886,SLOUGH,
250001194784,SLOUGH,
250001134751,SLOUGH,
250001130800,SLOUGH,
250001232358,SLOUGH,
250001254646,SLOUGH,
250001267350,SLOUGH,
250001141195,SLOUGH,
250001185698,SLOUGH,
250001250601,SLOUGH,
250001231391,SLOUGH,
250001246899,SLOUGH,
250001175827,SLOUGH,
250001218523,SLOUGH,
250001114624,SLOUGH,
250001136195,SLOUGH,
250001203071,SLOUGH,
250001141810,SLOUGH,
250001250935,SLOUGH,
250001228750,SLOUGH,
250001179585,SLOUGH,
250001233634,SLOUGH,
250001133988,SLOUGH,
250001230039,SLOUGH,
250001247720,SLOUGH,
250001112569,SLOUGH,
250001159239,SLOUGH,
250001256981,SLOUGH,
250001207851,SLOUGH,
250001134164,SLOUGH,
250001121243,SLOUGH,
250001133692,SLOUGH,
250001237935,SLOUGH,
250001178343,SLOUGH,
250001151883,SLOUGH,
250001118376,SLOUGH,
250001259509,SLOUGH,
250001235570,SLOUGH,
250001266160,SLOUGH,
250001237623,SLOUGH,
250001140210,SLOUGH,
250001246994,SLOUGH,
250001243372,SLOUGH,
250001195613,SLOUGH,
250001189734,SLOUGH,
250001261411,SLOUGH,
250001160484,SLOUGH,
250001164497,SLOUGH,
250001267467,SLOUGH,
250001259302,SLOUGH,
250001158087,SLOUGH,
250001263213,SLOUGH,
250001233835,SLOUGH,
250001122282,SLOUGH,
250001211610,SLOUGH,
250001117470,SLOUGH,
250001212732,SLOUGH,
250001161008,SLOUGH,
250001231875,SLOUGH,
250001250856,SLOUGH,
250001159616,SLOUGH,
250001117827,SLOUGH,
250001117714,SLOUGH,
250001164404,SLOUGH,
250001208858,SLOUGH,
250001185591,SLOUGH,
250001186618,SLOUGH,
250001146690,SLOUGH,
250001124178,SLOUGH,
250001227019,SLOUGH,
250001216658,SLOUGH,
250001214100,SLOUGH,
250001185001,SLOUGH,
250001140837,SLOUGH,
250001140473,SLOUGH,
250001203712,SLOUGH,
250001187839,SLOUGH,
250001159396,SLOUGH,
250001235938,SLOUGH,
250001203906,SLOUGH,
250001249936,SLOUGH,
250001252296,SLOUGH,
250001130780,SLOUGH,
250001224019,SLOUGH,
250001261635,SLOUGH,
250001137228,SLOUGH,
250001206943,SLOUGH,
250001246123,SLOUGH,
250001259789,SLOUGH,
250001263411,SLOUGH,
250001233438,SLOUGH,
250001124236,SLOUGH,
250001188719,SLOUGH,
250001156770,SLOUGH,
250001140218,SLOUGH,
250001129129,SLOUGH,
250001149992,SLOUGH,
250001159143,SLOUGH,
250001233816,SLOUGH,
250001166917,SLOUGH,
250001168577,SLOUGH,
250001211887,SLOUGH,
250001262268,SLOUGH,
250001209672,SLOUGH,
250001191687,SLOUGH,
250001212161,SLOUGH,
250001171008,SLOUGH,
250001168804,SLOUGH,
250001197682,SLOUGH,
250001128817,SLOUGH,
250001189031,SLOUGH,
250001160097,SLOUGH,
250001113416,SLOUGH,
250001232279,SLOUGH,
250001125136,SLOUGH,
250001137789,SLOUGH,
250001236295,SLOUGH,
250001153011,SLOUGH,
250001200086,SLOUGH,
250001166651,SLOUGH,
250001132589,SLOUGH,
250001264764,SLOUGH,
250001259490,SLOUGH,
250001144132,SLOUGH,
250001112650,SLOUGH,
250001184563,SLOUGH,
250001172513,SLOUGH,
250001144465,SLOUGH,
250001126086,SLOUGH,
250001154324,SLOUGH,
250001182743,SLOUGH,
250001112470,SLOUGH,
250001221380,SLOUGH,
250001257496,SLOUGH,
250001182230,SLOUGH,
250001135542,SLOUGH,
250001192634,SLOUGH,
250001252302,SLOUGH,
250001194831,SLOUGH,
250001127439,SLOUGH,
250001261549,SLOUGH,
250001193706,SLOUGH,
250001128279,SLOUGH,
250001193060,SLOUGH,
250001113471,SLOUGH,
250001129232,SLOUGH,
250001155863,SLOUGH,
250001201177,SLOUGH,
250001176214,SLOUGH,
250001263864,SLOUGH,
250001258007,SLOUGH,
250001219632,SLOUGH,
250001256856,SLOUGH,
250001256654,SLOUGH,
250001203285,SLOUGH,
250001163951,SLOUGH,
250001147994,SLOUGH,
250001117461,SLOUGH,
250001179805,SLOUGH,
250001150031,SLOUGH,
250001114112,SLOUGH,
250001187012,SLOUGH,
250001166867,SLOUGH,
250001264234,SLOUGH,
250001211229,SLOUGH,
250001243821,SLOUGH,
250001199289,SLOUGH,
250001168578,SLOUGH,
250001177558,SLOUGH,
250001143157,SLOUGH,
250001123468,SLOUGH,
250001219559,SLOUGH,
250001214661,SLOUGH,
250001209503,SLOUGH,
250001216753,SLOUGH,
250001139961,SLOUGH,
250001191990,SLOUGH,
250001203568,SLOUGH,
250001184566,SLOUGH,
250001238173,SLOUGH,
250001127965,SLOUGH,
250001171327,SLOUGH,
250001192693,SLOUGH,
250001207680,SLOUGH,
250001161009,SLOUGH,
250001116248,SLOUGH,
250001153009,SLOUGH,
250001181499,SLOUGH,
250001163979,SLOUGH,
250001115994,SLOUGH,
250001240090,SLOUGH,
250001231709,SLOUGH,
250001241371,SLOUGH,
250001169424,SLOUGH,
250001141793,SLOUGH,
250001242162,SLOUGH,
250001193724,SLOUGH,
250001197535,SLOUGH,
250001132039,SLOUGH,
250001220982,SLOUGH,
250001171286,SLOUGH,
250001120424,SLOUGH,
250001235581,SLOUGH,
250001214331,SLOUGH,
250001238266,SLOUGH,
250001228715,SLOUGH,
250001168189,SLOUGH,
250001200994,SLOUGH,
250001237998,SLOUGH,
250001203024,SLOUGH,
250001179958,SLOUGH,
250001220410,SLOUGH,
250001198453,SLOUGH,
250001129228,SLOUGH,
250001205724,SLOUGH,
250001181081,SLOUGH,
250001149961,SLOUGH,
250001124593,SLOUGH,
250001251036,SLOUGH,
250001124600,SLOUGH,
250001260544,SLOUGH,
250001206917,SLOUGH,
250001148008,SLOUGH,
250001239803,SLOUGH,
250001238374,SLOUGH,
250001146804,SLOUGH,
250001233348,SLOUGH,
250001220666,SLOUGH,
250001207389,SLOUGH,
250001243545,SLOUGH,
250001241545,SLOUGH,
250001187374,SLOUGH,
250001233242,SLOUGH,
250001206397,SLOUGH,
250001123964,SLOUGH,
250001251585,SLOUGH,
250001193865,SLOUGH,
250001160016,SLOUGH,
250001119242,SLOUGH,
250001227149,SLOUGH,
250001220609,SLOUGH,
250001246888,SLOUGH,
250001148592,SLOUGH,
250001120128,SLOUGH,
250001247474,SLOUGH,
250001239478,SLOUGH,
250001223128,SLOUGH,
250001215723,SLOUGH,
250001204115,SLOUGH,
250001223414,SLOUGH,
250001177846,SLOUGH,
250001158478,SLOUGH,
250001234109,SLOUGH,
250001204350,SLOUGH,
250001162364,SLOUGH,
250001141191,SLOUGH,
250001225051,SLOUGH,
250001247747,SLOUGH,
250001208540,SLOUGH,
250001185176,SLOUGH,
250001244556,SLOUGH,
250001194445,SLOUGH,
250001143451,SLOUGH,
250001119157,SLOUGH,
250001142371,SLOUGH,
250001233660,SLOUGH,
250001171550,SLOUGH,
250001119989,SLOUGH,
250001181354,SLOUGH,
250001116149,SLOUGH,
250001126175,SLOUGH,
250001215488,SLOUGH,
250001220516,SLOUGH,
250001188267,SLOUGH,
250001198079,SLOUGH,
250001229029,SLOUGH,
250001136199,SLOUGH,
250001243506,SLOUGH,
250001175092,SLOUGH,
250001263254,SLOUGH,
250001144270,SLOUGH,
250001184570,SLOUGH,
250001260072,SLOUGH,
250001183519,SLOUGH,
250001144080,SLOUGH,
250001239544,SLOUGH,
250001236272,SLOUGH,
250001247779,SLOUGH,
250001128220,SLOUGH,
250001268098,SLOUGH,
250001124116,SLOUGH,
250001214548,SLOUGH,
250001215959,SLOUGH,
250001231367,SLOUGH,
250001172212,SLOUGH,
250001258504,SLOUGH,
250001189192,SLOUGH,
250001142185,SLOUGH,
250001118817,SLOUGH,
250001211923,SLOUGH,
250001160618,SLOUGH,
250001126936,SLOUGH,
250001251130,SLOUGH,
250001120908,SLOUGH,
250001129663,SLOUGH,
250001231055,SLOUGH,
250001220264,SLOUGH,
250001252983,SLOUGH,
250001251361,SLOUGH,
250001196993,SLOUGH,
250001176548,SLOUGH,
250001228426,SLOUGH,
250001113863,SLOUGH,
250001220632,SLOUGH,
250001179054,SLOUGH,
250001124733,SLOUGH,
250001231888,SLOUGH,
250001152128,SLOUGH,
250001189093,SLOUGH,
250001196038,SLOUGH,
250001222233,SLOUGH,
250001191353,SLOUGH,
250001139105,SLOUGH,
250001198083,SLOUGH,
250001247799,SLOUGH,
250001205625,SLOUGH,
250001222966,SLOUGH,
250001137115,SLOUGH,
250001180211,SLOUGH,
250001206371,SLOUGH,
250001247273,SLOUGH,
250001232461,SLOUGH,
250001259707,SLOUGH,
250001258336,SLOUGH,
250001173090,SLOUGH,
250001250379,SLOUGH,
250001172594,SLOUGH,
250001256417,SLOUGH,
250001225187,SLOUGH,
250001266809,SLOUGH,
250001259716,SLOUGH,
250001211074,SLOUGH,
250001249664,SLOUGH,
250001247250,SLOUGH,
250001206908,SLOUGH,
250001192128,SLOUGH,
250001264166,SLOUGH,
250001184060,SLOUGH,
250001213328,SLOUGH,
250001217839,SLOUGH,
250001148367,SLOUGH,
250001122381,SLOUGH,
250001255243,SLOUGH,
250001220008,SLOUGH,
250001188206,SLOUGH,
250001236268,SLOUGH,
250001115323,SLOUGH,
250001238579,SLOUGH,
250001238275,SLOUGH,
250001204230,SLOUGH,
250001195675,SLOUGH,
250001188615,SLOUGH,
250001167519,SLOUGH,
250001257733,SLOUGH,
250001236721,SLOUGH,
250001264288,SLOUGH,
250001204624,SLOUGH,
250001260058,SLOUGH,
250001224570,SLOUGH,
250001240245,SLOUGH,
250001170371,SLOUGH,
250001209455,SLOUGH,
250001177409,SLOUGH,
250001120195,SLOUGH,
250001229076,SLOUGH,
250001266780,SLOUGH,
250001255706,SLOUGH,
250001210049,SLOUGH,
250001149414,SLOUGH,
250001226705,SLOUGH,
250001230768,SLOUGH,
250001228509,SLOUGH,
250001261141,SLOUGH,
250001229797,SLOUGH,
250001137857,SLOUGH,
250001151639,SLOUGH,
250001128333,SLOUGH,
250001225870,SLOUGH,
250001224700,SLOUGH,
250001224707,SLOUGH,
250001242489,SLOUGH,
250001118308,SLOUGH,
250001219305,SLOUGH,
250001191822,SLOUGH,
250001158853,SLOUGH,
250001185581,SLOUGH,
250001129131,SLOUGH,
250001213463,SLOUGH,
250001116300,SLOUGH,
250001188720,SLOUGH,
250001152291,SLOUGH,
250001259134,SLOUGH,
250001127354,SLOUGH,
250001148098,SLOUGH,
250001128362,SLOUGH,
250001266125,SLOUGH,
250001254035,SLOUGH,
250001191671,SLOUGH,
250001119843,SLOUGH,
250001137523,SLOUGH,
250001252255,SLOUGH,
250001203884,SLOUGH,
250001217552,SLOUGH,
250001255390,SLOUGH,
250001199299,SLOUGH,
250001151871,SLOUGH,
250001221049,SLOUGH,
250001199045,SLOUGH,
250001180551,SLOUGH,
250001250037,SLOUGH,
250001120772,SLOUGH,
250001245420,SLOUGH,
250001248066,SLOUGH,
250001179657,SLOUGH,
250001193086,SLOUGH,
250001222062,SLOUGH,
250001196621,SLOUGH,
250001164752,SLOUGH,
250001196546,SLOUGH,
250001237062,SLOUGH,
250001175642,SLOUGH,
250001258273,SLOUGH,
250001183349,SLOUGH,
250001182986,SLOUGH,
250001149204,SLOUGH,
250001126000,SLOUGH,
250001153238,SLOUGH,
250001184064,SLOUGH,
250001257179,SLOUGH,
250001243669,SLOUGH,
250001241533,SLOUGH,
250001144802,SLOUGH,
250001137953,SLOUGH,
250001115863,SLOUGH,
250001156567,SLOUGH,
250001123081,SLOUGH,
250001220473,SLOUGH,
250001134294,SLOUGH,
250001260012,SLOUGH,
250001263035,SLOUGH,
250001195986,SLOUGH,
250001226226,SLOUGH,
250001263912,SLOUGH,
250001253222,SLOUGH,
250001168728,SLOUGH,
250001248906,SLOUGH,
250001160354,SLOUGH,
250001141874,SLOUGH,
250001134325,SLOUGH,
250001188128,SLOUGH,
250001266124,SLOUGH,
250001179158,SLOUGH,
250001245428,SLOUGH,
250001172029,SLOUGH,
250001203716,SLOUGH,
250001198767,SLOUGH,
250001209501,SLOUGH,
250001174054,SLOUGH,
250001172727,SLOUGH,
250001135249,SLOUGH,
250001112831,SLOUGH,
250001115289,SLOUGH,
250001247187,SLOUGH,
250001236883,SLOUGH,
250001124920,SLOUGH,
250001203385,SLOUGH,
250001199025,SLOUGH,
250001192793,SLOUGH,
250001136174,SLOUGH,
250001261664,SLOUGH,
250001133078,SLOUGH,
250001136710,SLOUGH,
250001265386,SLOUGH,
250001242328,SLOUGH,
250001168319,SLOUGH,
250001127016,SLOUGH,
250001139369,SLOUGH,
250001210270,SLOUGH,
250001254370,SLOUGH,
250001187970,SLOUGH,
250001124347,SLOUGH,
250001159234,SLOUGH,
250001173657,SLOUGH,
250001171239,SLOUGH,
250001240241,SLOUGH,
250001177308,SLOUGH,
250001262318,SLOUGH,
250001251428,SLOUGH,
250001242968,SLOUGH,
250001113784,SLOUGH,
250001255471,SLOUGH,
250001158778,SLOUGH,
250001151369,SLOUGH,
250001203646,SLOUGH,
250001258272,SLOUGH,
250001208842,SLOUGH,
250001140504,SLOUGH,
250001257018,SLOUGH,
250001152289,SLOUGH,
250001114855,SLOUGH,
250001228522,SLOUGH,
250001219912,SLOUGH,
250001244024,SLOUGH,
250001199709,SLOUGH,
250001150284,SLOUGH,
250001144202,SLOUGH,
250001206666,SLOUGH,
250001113269,SLOUGH,
250001211555,SLOUGH,
250001250131,SLOUGH,
250001189669,SLOUGH,
250001180247,SLOUGH,
250001215028,SLOUGH,
250001206181,SLOUGH,
250001262457,SLOUGH,
250001132644,SLOUGH,
250001135032,SLOUGH,
250001246854,SLOUGH,
250001207429,SLOUGH,
250001179333,SLOUGH,
250001152123,SLOUGH,
250001136895,SLOUGH,
250001112654,SLOUGH,
250001170549,SLOUGH,
250001155952,SLOUGH,
250001147989,SLOUGH,
250001149804,SLOUGH,
250001113472,SLOUGH,
250001221530,SLOUGH,
250001169627,SLOUGH,
250001185571,SLOUGH,
250001240137,SLOUGH,
250001241255,SLOUGH,
250001228850,SLOUGH,
250001140299,SLOUGH,
250001202488,SLOUGH,
250001235915,SLOUGH,
250001166885,SLOUGH,
250001208600,SLOUGH,
250001187865,SLOUGH,
250001112641,SLOUGH,
250001256358,SLOUGH,
250001252218,SLOUGH,
250001213898,SLOUGH,
250001165848,SLOUGH,
250001260489,SLOUGH,
250001114802,SLOUGH,
250001183104,SLOUGH,
250001230406,SLOUGH,
250001195723,SLOUGH,
250001172261,SLOUGH,
250001156273,SLOUGH,
250001262500,SLOUGH,
250001230286,SLOUGH,
250001199555,SLOUGH,
250001191891,SLOUGH,
250001240385,SLOUGH,
250001114302,SLOUGH,
250001137395,SLOUGH,
250001190338,SLOUGH,
250001160904,SLOUGH,
250001145634,SLOUGH,
250001259858,SLOUGH,
250001215025,SLOUGH,
250001219365,SLOUGH,
250001196080,SLOUGH,
250001177604,SLOUGH,
250001116754,SLOUGH,
250001257143,SLOUGH,
250001122036,SLOUGH,
250001216712,SLOUGH,
250001198033,SLOUGH,
250001246351,SLOUGH,
250001223356,SLOUGH,
250001172767,SLOUGH,
250001135956,SLOUGH,
250001152742,SLOUGH,
250001222290,SLOUGH,
250001202464,SLOUGH,
250001224757,SLOUGH,
250001153183,SLOUGH,
250001193860,SLOUGH,
250001203048,SLOUGH,
250001265749,SLOUGH,
250001216009,SLOUGH,
250001257581,SLOUGH,
250001218210,SLOUGH,
250001245098,SLOUGH,
250001143397,SLOUGH,
250001267750,SLOUGH,
250001206301,SLOUGH,
250001209131,SLOUGH,
250001185726,SLOUGH,
250001180863,SLOUGH,
250001192905,SLOUGH,
250001121394,SLOUGH,
250001227977,SLOUGH,
250001161023,SLOUGH,
250001212736,SLOUGH,
250001224223,SLOUGH,
250001204885,SLOUGH,
250001266499,SLOUGH,
250001156824,SLOUGH,
250001193837,SLOUGH,
250001247252,SLOUGH,
250001263872,SLOUGH,
250001216098,SLOUGH,
250001239567,SLOUGH,
250001220499,SLOUGH,
250001179639,SLOUGH,
250001131405,SLOUGH,
250001218664,SLOUGH,
250001119485,SLOUGH,
250001256321,SLOUGH,
250001206723,SLOUGH,
250001180739,SLOUGH,
250001205579,SLOUGH,
250001221391,SLOUGH,
250001208260,SLOUGH,
250001207454,SLOUGH,
250001114091,SLOUGH,
250001152316,SLOUGH,
250001197417,SLOUGH,
250001136022,SLOUGH,
250001243264,SLOUGH,
250001203717,SLOUGH,
250001208556,SLOUGH,
250001227738,SLOUGH,
250001183322,SLOUGH,
250001262802,SLOUGH,
250001189601,SLOUGH,
250001252979,SLOUGH,
250001182846,SLOUGH,
250001120416,SLOUGH,
250001245933,SLOUGH,
250001183616,SLOUGH,
250001247679,SLOUGH,
250001143571,SLOUGH,
250001256228,SLOUGH,
250001152216,SLOUGH,
250001266177,SLOUGH,
250001268926,SLOUGH,
250001234206,SLOUGH,
250001158391,SLOUGH,
250001176130,SLOUGH,
250001205241,SLOUGH,
250001176537,SLOUGH,
250001159346,SLOUGH,
250001146591,SLOUGH,
250001178572,SLOUGH,
250001200436,SLOUGH,
250001147378,SLOUGH,
250001267377,SLOUGH,
250001187912,SLOUGH,
250001112438,SLOUGH,
250001214846,SLOUGH,
250001128512,SLOUGH,
250001140819,SLOUGH,
250001132758,SLOUGH,
250001199561,SLOUGH,
250001209537,SLOUGH,
250001221367,SLOUGH,
250001153529,SLOUGH,
250001140136,SLOUGH,
250001178407,SLOUGH,
250001224668,SLOUGH,
250001204360,SLOUGH,
250001245650,SLOUGH,
250001156072,SLOUGH,
250001144390,SLOUGH,
250001255530,SLOUGH,
250001212772,SLOUGH,
250001165596,SLOUGH,
250001137327,SLOUGH,
250001266174,SLOUGH,
250001143566,SLOUGH,
250001215574,SLOUGH,
250001233135,SLOUGH,
250001230703,SLOUGH,
250001227221,SLOUGH,
250001216750,SLOUGH,
250001200851,SLOUGH,
250001256362,SLOUGH,
250001207280,SLOUGH,
250001238177,SLOUGH,
250001183276,SLOUGH,
250001242276,SLOUGH,
250001161313,SLOUGH,
250001114229,SLOUGH,
250001211303,SLOUGH,
250001127906,SLOUGH,
250001179494,SLOUGH,
250001247547,SLOUGH,
250001223897,SLOUGH,
250001223252,SLOUGH,
250001196070,SLOUGH,
250001168345,SLOUGH,
250001215894,SLOUGH,
250001209540,SLOUGH,
250001206411,SLOUGH,
250001213368,SLOUGH,
250001188582,SLOUGH,
250001139370,SLOUGH,
250001260273,SLOUGH,
250001223287,SLOUGH,
250001228401,SLOUGH,
250001238440,SLOUGH,
250001202394,SLOUGH,
250001183419,SLOUGH,
250001143932,SLOUGH,
250001136446,SLOUGH,
250001247348,SLOUGH,
250001267559,SLOUGH,
250001198963,SLOUGH,
250001181808,SLOUGH,
250001206115,SLOUGH,
250001260038,SLOUGH,
250001224016,SLOUGH,
250001187545,SLOUGH,
250001191914,SLOUGH,
250001251179,SLOUGH,
250001198104,SLOUGH,
250001230407,SLOUGH,
250001180873,SLOUGH,
250001143811,SLOUGH,
250001247261,SLOUGH,
250001124237,SLOUGH,
250001196000,SLOUGH,
250001211613,SLOUGH,
250001252567,SLOUGH,
250001247769,SLOUGH,
250001255408,SLOUGH,
250001215853,SLOUGH,
250001255819,SLOUGH,
250001156017,SLOUGH,
250001123747,SLOUGH,
250001180948,SLOUGH,
250001116779,SLOUGH,
250001118050,SLOUGH,
250001197029,SLOUGH,
250001266578,SLOUGH,
250001228458,SLOUGH,
250001213625,SLOUGH,
250001124343,SLOUGH,
250001173889,SLOUGH,
250001229310,SLOUGH,
250001183362,SLOUGH,
250001117350,SLOUGH,
250001135925,SLOUGH,
250001114015,SLOUGH,
250001203279,SLOUGH,
250001222871,SLOUGH,
250001171350,SLOUGH,
250001247259,SLOUGH,
250001119424,SLOUGH,
250001115669,SLOUGH,
250001190893,SLOUGH,
250001120191,SLOUGH,
250001262041,SLOUGH,
250001255562,SLOUGH,
250001166931,SLOUGH,
250001148068,SLOUGH,
250001164269,SLOUGH,
250001229815,SLOUGH,
250001140698,SLOUGH,
250001154290,SLOUGH,
250001191654,SLOUGH,
250001201257,SLOUGH,
250001207815,SLOUGH,
250001205388,SLOUGH,
250001198466,SLOUGH,
250001136056,SLOUGH,
250001215632,SLOUGH,
250001129828,SLOUGH,
250001136081,SLOUGH,
250001191766,SLOUGH,
250001189023,SLOUGH,
250001144776,SLOUGH,
250001115076,SLOUGH,
250001117715,SLOUGH,
250001137840,SLOUGH,
250001210583,SLOUGH,
250001119895,SLOUGH,
250001176402,SLOUGH,
250001212017,SLOUGH,
250001165684,SLOUGH,
250001154094,SLOUGH,
250001115005,SLOUGH,
250001259853,SLOUGH,
250001190143,SLOUGH,
250001258152,SLOUGH,
250001130741,SLOUGH,
250001128313,SLOUGH,
250001192348,SLOUGH,
250001124684,SLOUGH,
250001137001,SLOUGH,
250001168399,SLOUGH,
250001173183,SLOUGH,
250001159668,SLOUGH,
250001116449,SLOUGH,
250001229446,SLOUGH,
250001209517,SLOUGH,
250001212685,SLOUGH,
250001134501,SLOUGH,
250001233896,SLOUGH,
250001251271,SLOUGH,
250001248416,SLOUGH,
250001120661,SLOUGH,
250001246702,SLOUGH,
250001235679,SLOUGH,
250001184373,SLOUGH,
250001250649,SLOUGH,
250001217835,SLOUGH,
250001269536,SLOUGH,
250001131472,SLOUGH,
250001233654,SLOUGH,
250001256889,SLOUGH,
250001247784,SLOUGH,
250001135995,SLOUGH,
250001246086,SLOUGH,
250001189406,SLOUGH,
250001175079,SLOUGH,
250001227737,SLOUGH,
250001138012,SLOUGH,
250001124266,SLOUGH,
250001180543,SLOUGH,
250001218253,SLOUGH,
250001156325,SLOUGH,
250001153497,SLOUGH,
250001239082,SLOUGH,
250001190885,SLOUGH,
250001128147,SLOUGH,
250001224222,SLOUGH,
250001250975,SLOUGH,
250001262923,SLOUGH,
250001158490,SLOUGH,
250001205481,SLOUGH,
250001193709,SLOUGH,
250001196966,SLOUGH,
250001176605,SLOUGH,
250001119733,SLOUGH,
250001240127,SLOUGH,
250001195232,SLOUGH,
250001142159,SLOUGH,
250001218857,SLOUGH,
250001160469,SLOUGH,
250001148380,SLOUGH,
250001136127,SLOUGH,
250001217473,SLOUGH,
250001213697,SLOUGH,
250001237021,SLOUGH,
250001222086,SLOUGH,
250001125626,SLOUGH,
250001206566,SLOUGH,
250001188928,SLOUGH,
250001237842,SLOUGH,
250001252137,SLOUGH,
250001160490,SLOUGH,
250001192760,SLOUGH,
250001266858,SLOUGH,
250001212162,SLOUGH,
250001209713,SLOUGH,
250001119054,SLOUGH,
250001147873,SLOUGH,
250001240608,SLOUGH,
250001159266,SLOUGH,
250001123933,SLOUGH,
250001236523,SLOUGH,
250001149776,SLOUGH,
250001156995,SLOUGH,
250001128702,SLOUGH,
250001118509,SLOUGH,
250001116016,SLOUGH,
250001258766,SLOUGH,
250001161962,SLOUGH,
250001113806,SLOUGH,
250001225753,SLOUGH,
250001207807,SLOUGH,
250001152528,SLOUGH,
250001141100,SLOUGH,
250001189849,SLOUGH,
250001187243,SLOUGH,
250001198352,SLOUGH,
250001256836,SLOUGH,
250001143955,SLOUGH,
250001204025,SLOUGH,
250001257505,SLOUGH,
250001265089,SLOUGH,
250001240683,SLOUGH,
250001255865,SLOUGH,
250001238398,SLOUGH,
250001165010,SLOUGH,
250001213551,SLOUGH,
250001194090,SLOUGH,
250001178722,SLOUGH,
250001114019,SLOUGH,
250001267643,SLOUGH,
250001243696,SLOUGH,
250001155826,SLOUGH,
250001214078,SLOUGH,
250001243789,SLOUGH,
250001118678,SLOUGH,
250001214488,SLOUGH,
250001157189,SLOUGH,
250001123631,SLOUGH,
250001239578,SLOUGH,
250001215865,SLOUGH,
250001250209,SLOUGH,
250001237665,SLOUGH,
250001155642,SLOUGH,
250001207288,SLOUGH,
250001142695,SLOUGH,
250001128598,SLOUGH,
250001123324,SLOUGH,
250001166239,SLOUGH,
250001161353,SLOUGH,
250001142946,SLOUGH,
250001258973,SLOUGH,
250001253453,SLOUGH,
250001165411,SLOUGH,
250001211491,SLOUGH,
250001196239,SLOUGH,
250001125999,SLOUGH,
250001132045,SLOUGH,
250001198112,SLOUGH,
250001179318,SLOUGH,
250001142583,SLOUGH,
250001147067,SLOUGH,
250001157775,SLOUGH,
250001179821,SLOUGH,
250001251180,SLOUGH,
250001233167,SLOUGH,
250001141903,SLOUGH,
250001128980,SLOUGH,
250001115321,SLOUGH,
250001121839,SLOUGH,
250001156562,SLOUGH,
250001210979,SLOUGH,
250001181015,SLOUGH,
250001229992,SLOUGH,
250001207404,SLOUGH,
250001115613,SLOUGH,
250001239360,SLOUGH,
250001164470,SLOUGH,
250001135094,SLOUGH,
250001129433,SLOUGH,
250001208763,SLOUGH,
250001117555,SLOUGH,
250001161859,SLOUGH,
250001158784,SLOUGH,
250001239407,SLOUGH,
250001234825,SLOUGH,
250001119421,SLOUGH,
250001195729,SLOUGH,
250001154716,SLOUGH,
250001165688,SLOUGH,
250001266212,SLOUGH,
250001188205,SLOUGH,
250001149304,SLOUGH,
250001267957,SLOUGH,
250001208265,SLOUGH,
250001205018,SLOUGH,
250001167598,SLOUGH,
250001209876,SLOUGH,
250001192932,SLOUGH,
250001198556,SLOUGH,
250001156292,SLOUGH,
250001213211,SLOUGH,
250001202337,SLOUGH,
250001167844,SLOUGH,
250001245920,SLOUGH,
250001132609,SLOUGH,
250001158482,SLOUGH,
250001234592,SLOUGH,
250001195567,SLOUGH,
250001151317,SLOUGH,
250001229085,SLOUGH,
250001168549,SLOUGH,
250001201702,SLOUGH,
250001120667,SLOUGH,
250001168813,SLOUGH,
250001223096,SLOUGH,
250001188312,SLOUGH,
250001236678,SLOUGH,
250001196458,SLOUGH,
250001235813,SLOUGH,
250001176848,SLOUGH,
250001147260,SLOUGH,
250001117607,SLOUGH,
250001197621,SLOUGH,
250001208263,SLOUGH,
250001260414,SLOUGH,
250001184416,SLOUGH,
250001206342,SLOUGH,
250001177111,SLOUGH,
250001144383,SLOUGH,
250001213982,SLOUGH,
250001120140,SLOUGH,
250001149863,SLOUGH,
250001238626,SLOUGH,
250001197797,SLOUGH,
250001184667,SLOUGH,
250001162790,SLOUGH,
250001164451,SLOUGH,
250001163908,SLOUGH,
250001115465,SLOUGH,
250001198080,SLOUGH,
250001196034,SLOUGH,
250001236781,SLOUGH,
250001147030,SLOUGH,
250001194514,SLOUGH,
250001204265,SLOUGH,
250001152454,SLOUGH,
250001262986,SLOUGH,
250001229953,SLOUGH,
250001214959,SLOUGH,
250001205472,SLOUGH,
250001264171,SLOUGH,
250001261574,SLOUGH,
250001183269,SLOUGH,
250001135711,SLOUGH,
250001123814,SLOUGH,
250001266820,SLOUGH,
250001125049,SLOUGH,
250001132186,SLOUGH,
250001142360,SLOUGH,
250001207022,SLOUGH,
250001156561,SLOUGH,
250001176035,SLOUGH,
250001212725,SLOUGH,
250001123605,SLOUGH,
250001136674,SLOUGH,
250001116009,SLOUGH,
250001223494,SLOUGH,
250001220930,SLOUGH,
250001249722,SLOUGH,
250001204466,SLOUGH,
250001251721,SLOUGH,
250001233796,SLOUGH,
250001220884,SLOUGH,
250001133437,SLOUGH,
250001237611,SLOUGH,
250001162473,SLOUGH,
250001130021,SLOUGH,
250001242565,SLOUGH,
250001250392,SLOUGH,
250001114626,SLOUGH,
250001176122,SLOUGH,
250001148664,SLOUGH,
250001231951,SLOUGH,
250001129755,SLOUGH,
250001179998,SLOUGH,
250001128334,SLOUGH,
250001267527,SLOUGH,
250001163318,SLOUGH,
250001156763,SLOUGH,
250001228353,SLOUGH,
250001245887,SLOUGH,
250001227894,SLOUGH,
250001243528,SLOUGH,
250001145697,SLOUGH,
250001166789,SLOUGH,
250001230339,SLOUGH,
250001114759,SLOUGH,
250001209623,SLOUGH,
250001168136,SLOUGH,
250001156502,SLOUGH,
250001181518,SLOUGH,
250001214636,SLOUGH,
250001148630,SLOUGH,
250001255625,SLOUGH,
250001140735,SLOUGH,
250001252330,SLOUGH,
250001152904,SLOUGH,
250001209729,SLOUGH,
250001176001,SLOUGH,
250001119644,SLOUGH,
250001258575,SLOUGH,
250001178720,SLOUGH,
250001211979,SLOUGH,
250001112761,SLOUGH,
250001226638,SLOUGH,
250001203179,SLOUGH,
250001128284,SLOUGH,
250001132508,SLOUGH,
250001213534,SLOUGH,
250001150456,SLOUGH,
250001189251,SLOUGH,
250001132353,SLOUGH,
250001146374,SLOUGH,
250001124858,SLOUGH,
250001176688,SLOUGH,
250001252962,SLOUGH,
250001205840,SLOUGH,
250001207953,SLOUGH,
250001118401,SLOUGH,
250001177782,SLOUGH,
250001246033,SLOUGH,
250001261553,SLOUGH,
250001218812,SLOUGH,
250001135650,SLOUGH,
250001128865,SLOUGH,
250001216074,SLOUGH,
250001209398,SLOUGH,
250001192503,SLOUGH,
250001141941,SLOUGH,
250001157397,SLOUGH,
250001123408,SLOUGH,
250001158441,SLOUGH,
250001164340,SLOUGH,
250001246226,SLOUGH,
250001192443,SLOUGH,
250001237303,SLOUGH,
250001180429,SLOUGH,
250001141528,SLOUGH,
250001266423,SLOUGH,
250001255334,SLOUGH,
250001206116,SLOUGH,
250001183892,SLOUGH,
250001139826,SLOUGH,
250001169962,SLOUGH,
250001136866,SLOUGH,
250001216360,SLOUGH,
250001226105,SLOUGH,
250001179648,SLOUGH,
250001236726,SLOUGH,
250001208982,SLOUGH,
250001257352,SLOUGH,
250001211561,SLOUGH,
250001146430,SLOUGH,
250001149695,SLOUGH,
250001164929,SLOUGH,
250001129191,SLOUGH,
250001188767,SLOUGH,
250001224264,SLOUGH,
250001186389,SLOUGH,
250001166915,SLOUGH,
250001198216,SLOUGH,
250001176783,SLOUGH,
250001149317,SLOUGH,
250001128093,SLOUGH,
250001157386,SLOUGH,
250001176464,SLOUGH,
250001204298,SLOUGH,
250001216132,SLOUGH,
250001213653,SLOUGH,
250001210329,SLOUGH,
250001198305,SLOUGH,
250001207820,SLOUGH,
250001154695,SLOUGH,
250001209673,SLOUGH,
250001228455,SLOUGH,
250001219996,SLOUGH,
250001221413,SLOUGH,
250001254067,SLOUGH,
250001237718,SLOUGH,
250001194089,SLOUGH,
250001219264,SLOUGH,
250001224009,SLOUGH,
250001149897,SLOUGH,
250001186828,SLOUGH,
250001166914,SLOUGH,
250001239781,SLOUGH,
250001123982,SLOUGH,
250001259236,SLOUGH,
250001240978,SLOUGH,
250001227968,SLOUGH,
250001210297,SLOUGH,
250001115026,SLOUGH,
250001219920,SLOUGH,
250001181464,SLOUGH,
250001165261,SLOUGH,
250001137418,SLOUGH,
250001213744,SLOUGH,
250001202140,SLOUGH,
250001112475,SLOUGH,
250001244545,SLOUGH,
250001179300,SLOUGH,
250001235548,SLOUGH,
250001166578,SLOUGH,
250001164126,SLOUGH,
250001190427,SLOUGH,
250001239808,SLOUGH,
250001211448,SLOUGH,
250001227850,SLOUGH,
250001132588,SLOUGH,
250001145673,SLOUGH,
250001215940,SLOUGH,
250001263513,SLOUGH,
250001120664,SLOUGH,
250001160643,SLOUGH,
250001142678,SLOUGH,
250001152424,SLOUGH,
250001113521,SLOUGH,
250001266176,SLOUGH,
250001181005,SLOUGH,
250001136090,SLOUGH,
250001254955,SLOUGH,
250001199383,SLOUGH,
250001259951,SLOUGH,
250001252837,SLOUGH,
250001159853,SLOUGH,
250001265580,SLOUGH,
250001247800,SLOUGH,
250001254949,SLOUGH,
250001149058,SLOUGH,
250001124251,SLOUGH,
250001160227,SLOUGH,
250001122336,SLOUGH,
250001265311,SLOUGH,
250001224992,SLOUGH,
250001204806,SLOUGH,
250001168828,SLOUGH,
250001230681,SLOUGH,
250001228359,SLOUGH,
250001113540,SLOUGH,
250001261722,SLOUGH,
250001175830,SLOUGH,
250001190915,SLOUGH,
250001226494,SLOUGH,
250001142738,SLOUGH,
250001156496,SLOUGH,
250001261863,SLOUGH,
250001239734,SLOUGH,
250001141074,SLOUGH,
250001233814,SLOUGH,
250001233571,SLOUGH,
250001147420,SLOUGH,
250001198364,SLOUGH,
250001194454,SLOUGH,
250001167232,SLOUGH,
250001209979,SLOUGH,
250001139796,SLOUGH,
250001179424,SLOUGH,
250001120095,SLOUGH,
250001227376,SLOUGH,
250001228416,SLOUGH,
250001148532,SLOUGH,
250001136064,SLOUGH,
250001160827,SLOUGH,
250001149130,SLOUGH,
250001183130,SLOUGH,
250001114508,SLOUGH,
250001224452,SLOUGH,
250001234372,SLOUGH,
250001197173,SLOUGH,
250001171774,SLOUGH,
250001168840,SLOUGH,
250001119243,SLOUGH,
250001247490,SLOUGH,
250001225190,SLOUGH,
250001119802,SLOUGH,
250001198192,SLOUGH,
250001197322,SLOUGH,
250001132032,SLOUGH,
250001259245,SLOUGH,
250001204469,SLOUGH,
250001120132,SLOUGH,
250001158397,SLOUGH,
250001255998,SLOUGH,
250001178716,SLOUGH,
250001243519,SLOUGH,
250001166366,SLOUGH,
250001229331,SLOUGH,
250001182663,SLOUGH,
250001239900,SLOUGH,
250001186624,SLOUGH,
250001267127,SLOUGH,
250001217846,SLOUGH,
250001148704,SLOUGH,
250001254674,SLOUGH,
250001225222,SLOUGH,
250001258246,SLOUGH,
250001209029,SLOUGH,
250001237771,SLOUGH,
250001207547,SLOUGH,
250001133238,SLOUGH,
250001154868,SLOUGH,
250001139829,SLOUGH,
250001152124,SLOUGH,
250001113576,SLOUGH,
250001229700,SLOUGH,
250001203280,SLOUGH,
250001134770,SLOUGH,
250001161213,SLOUGH,
250001250280,SLOUGH,
250001249539,SLOUGH,
250001200250,SLOUGH,
250001158142,SLOUGH,
250001209285,SLOUGH,
250001239408,SLOUGH,
250001260541,SLOUGH,
250001176867,SLOUGH,
250001158732,SLOUGH,
250001149737,SLOUGH,
250001213149,SLOUGH,
250001191676,SLOUGH,
250001130616,SLOUGH,
250001151332,SLOUGH,
250001166094,SLOUGH,
250001116158,SLOUGH,
250001255166,SLOUGH,
250001192935,SLOUGH,
250001234139,SLOUGH,
250001138451,SLOUGH,
250001191101,SLOUGH,
250001121481,SLOUGH,
250001170735,SLOUGH,
250001160220,SLOUGH,
250001154530,SLOUGH,
250001268062,SLOUGH,
250001194510,SLOUGH,
250001120156,SLOUGH,
250001232130,SLOUGH,
250001196180,SLOUGH,
250001185020,SLOUGH,
250001265241,SLOUGH,
250001125337,SLOUGH,
250001120175,SLOUGH,
250001218472,SLOUGH,
250001114161,SLOUGH,
250001177731,SLOUGH,
250001207586,SLOUGH,
250001112461,SLOUGH,
250001258917,SLOUGH,
250001161888,SLOUGH,
250001145923,SLOUGH,
250001242141,SLOUGH,
250001136445,SLOUGH,
250001119401,SLOUGH,
250001220003,SLOUGH,
250001230537,SLOUGH,
250001184985,SLOUGH,
250001238241,SLOUGH,
250001171297,SLOUGH,
250001114119,SLOUGH,
250001212709,SLOUGH,
250001136606,SLOUGH,
250001258207,SLOUGH,
250001158282,SLOUGH,
250001129455,SLOUGH,
250001175081,SLOUGH,
250001152420,SLOUGH,
250001211826,SLOUGH,
250001187885,SLOUGH,
250001265278,SLOUGH,
250001234322,SLOUGH,
250001232282,SLOUGH,
250001190583,SLOUGH,
250001255201,SLOUGH,
250001245732,SLOUGH,
250001204036,SLOUGH,
250001136288,SLOUGH,
250001165525,SLOUGH,
250001129309,SLOUGH,
250001252431,SLOUGH,
250001253936,SLOUGH,
250001204801,SLOUGH,
250001265053,SLOUGH,
250001170821,SLOUGH,
250001122832,SLOUGH,
250001240730,SLOUGH,
250001172802,SLOUGH,
250001149219,SLOUGH,
250001128573,SLOUGH,
250001129308,SLOUGH,
250001261384,SLOUGH,
250001239545,SLOUGH,
250001170216,SLOUGH,
250001114238,SLOUGH,
250001246526,SLOUGH,
250001239343,SLOUGH,
250001201854,SLOUGH,
250001208994,SLOUGH,
250001124289,SLOUGH,
250001250684,SLOUGH,
250001225947,SLOUGH,
250001233057,SLOUGH,
250001178349,SLOUGH,
250001204618,SLOUGH,
250001261291,SLOUGH,
250001170365,SLOUGH,
250001167113,SLOUGH,
250001128561,SLOUGH,
250001203731,SLOUGH,
250001203942,SLOUGH,
250001151302,SLOUGH,
250001133948,SLOUGH,
250001233004,SLOUGH,
250001213533,SLOUGH,
250001251763,SLOUGH,
250001230899,SLOUGH,
250001217543,SLOUGH,
250001228769,SLOUGH,
250001174603,SLOUGH,
250001175333,SLOUGH,
250001145384,SLOUGH,
250001222833,SLOUGH,
250001212209,SLOUGH,
250001263777,SLOUGH,
250001231917,SLOUGH,
250001199557,SLOUGH,
250001188623,SLOUGH,
250001132468,SLOUGH,
250001260474,SLOUGH,
250001182834,SLOUGH,
250001225956,SLOUGH,
250001197707,SLOUGH,
250001207369,SLOUGH,
250001264516,SLOUGH,
250001152334,SLOUGH,
250001257390,SLOUGH,
250001177878,SLOUGH,
250001154200,SLOUGH,
250001150831,SLOUGH,
250001186758,SLOUGH,
250001164446,SLOUGH,
250001216010,SLOUGH,
250001112546,SLOUGH,
250001162892,SLOUGH,
250001157245,SLOUGH,
250001185823,SLOUGH,
250001112458,SLOUGH,
250001202024,SLOUGH,
250001158372,SLOUGH,
250001223602,SLOUGH,
250001159510,SLOUGH,
250001218935,SLOUGH,
250001211809,SLOUGH,
250001234307,SLOUGH,
250001216325,SLOUGH,
250001173158,SLOUGH,
250001132089,SLOUGH,
250001191857,SLOUGH,
250001259576,SLOUGH,
250001131747,SLOUGH,
250001255943,SLOUGH,
250001164135,SLOUGH,
250001112414,SLOUGH,
250001180496,SLOUGH,
250001238614,SLOUGH,
250001226329,SLOUGH,
250001178930,SLOUGH,
250001136298,SLOUGH,
250001120351,SLOUGH,
250001244859,SLOUGH,
250001220595,SLOUGH,
250001255405,SLOUGH,
250001232168,SLOUGH,
250001204619,SLOUGH,
250001205705,SLOUGH,
250001200967,SLOUGH,
250001167611,SLOUGH,
250001259363,SLOUGH,
250001225959,SLOUGH,
250001139385,SLOUGH,
250001229336,SLOUGH,
250001236472,SLOUGH,
250001117868,SLOUGH,
250001219620,SLOUGH,
250001196026,SLOUGH,
250001267743,SLOUGH,
250001223768,SLOUGH,
250001268103,SLOUGH,
250001214798,SLOUGH,
250001143438,SLOUGH,
250001240790,SLOUGH,
250001201548,SLOUGH,
250001247005,SLOUGH,
250001228439,SLOUGH,
250001195987,SLOUGH,
250001118273,SLOUGH,
250001267783,SLOUGH,
250001134477,SLOUGH,
250001128850,SLOUGH,
250001113815,SLOUGH,
250001114853,SLOUGH,
250001232140,SLOUGH,
250001204346,SLOUGH,
250001260067,SLOUGH,
250001168394,SLOUGH,
250001144589,SLOUGH,
250001206199,SLOUGH,
250001204899,SLOUGH,
250001196021,SLOUGH,
250001186395,SLOUGH,
250001266181,SLOUGH,
250001242228,SLOUGH,
250001240486,SLOUGH,
250001126807,SLOUGH,
250001206164,SLOUGH,
250001172532,SLOUGH,
250001124640,SLOUGH,
250001211918,SLOUGH,
250001163334,SLOUGH,
250001172017,SLOUGH,
250001137765,SLOUGH,
250001251887,SLOUGH,
250001132970,SLOUGH,
250001135695,SLOUGH,
250001236220,SLOUGH,
250001153371,SLOUGH,
250001166868,SLOUGH,
250001133960,SLOUGH,
250001182222,SLOUGH,
250001118558,SLOUGH,
250001168766,SLOUGH,
250001255683,SLOUGH,
250001248756,SLOUGH,
250001237012,SLOUGH,
250001218541,SLOUGH,
250001266656,SLOUGH,
250001229267,SLOUGH,
250001224907,SLOUGH,
250001182893,SLOUGH,
250001154553,SLOUGH,
250001119940,SLOUGH,
250001143485,SLOUGH,
250001234796,SLOUGH,
250001269063,SLOUGH,
250001210045,SLOUGH,
250001250342,SLOUGH,
250001179815,SLOUGH,
250001138261,SLOUGH,
250001264517,SLOUGH,
250001208889,SLOUGH,
250001247872,SLOUGH,
250001208764,SLOUGH,
250001151522,SLOUGH,
250001138646,SLOUGH,
250001152533,SLOUGH,
250001215805,SLOUGH,
250001237497,SLOUGH,
250001164571,SLOUGH,
250001136503,SLOUGH,
250001223557,SLOUGH,
250001176322,SLOUGH,
250001137160,SLOUGH,
250001162875,SLOUGH,
250001228422,SLOUGH,
250001170662,SLOUGH,
250001149898,SLOUGH,
250001136244,SLOUGH,
250001235093,SLOUGH,
250001223039,SLOUGH,
250001151764,SLOUGH,
250001229731,SLOUGH,
250001250924,SLOUGH,
250001206934,SLOUGH,
250001192349,SLOUGH,
250001222242,SLOUGH,
250001196152,SLOUGH,
250001211447,SLOUGH,
250001188552,SLOUGH,
250001146907,SLOUGH,
250001250809,SLOUGH,
250001215971,SLOUGH,
250001169118,SLOUGH,
250001172664,SLOUGH,
250001199999,SLOUGH,
250001116254,SLOUGH,
250001254305,SLOUGH,
250001220330,SLOUGH,
250001247263,SLOUGH,
250001216560,SLOUGH,
250001198743,SLOUGH,
250001196220,SLOUGH,
250001256411,SLOUGH,
250001134027,SLOUGH,
250001184517,SLOUGH,
250001174534,SLOUGH,
250001170391,SLOUGH,
250001159342,SLOUGH,
250001251241,SLOUGH,
250001203730,SLOUGH,
250001179324,SLOUGH,
250001211473,SLOUGH,
250001235060,SLOUGH,
250001215518,SLOUGH,
250001222225,SLOUGH,
250001151340,SLOUGH,
250001234628,SLOUGH,
250001267418,SLOUGH,
250001140487,SLOUGH,
250001129047,SLOUGH,
250001145232,SLOUGH,
250001164375,SLOUGH,
250001225972,SLOUGH,
250001148139,SLOUGH,
250001181043,SLOUGH,
250001154756,SLOUGH,
250001252564,SLOUGH,
250001172690,SLOUGH,
250001256596,SLOUGH,
250001199542,SLOUGH,
250001143421,SLOUGH,
250001136510,SLOUGH,
250001218662,SLOUGH,
250001169692,SLOUGH,
250001155024,SLOUGH,
250001247424,SLOUGH,
250001220727,SLOUGH,
250001200440,SLOUGH,
250001235807,SLOUGH,
250001259998,SLOUGH,
250001139211,SLOUGH,
250001234161,SLOUGH,
250001220178,SLOUGH,
250001204432,SLOUGH,
250001239973,SLOUGH,
250001211615,SLOUGH,
250001255015,SLOUGH,
250001126930,SLOUGH,
250001169150,SLOUGH,
250001176335,SLOUGH,
250001173888,SLOUGH,
250001164096,SLOUGH,
250001196012,SLOUGH,
250001245926,SLOUGH,
250001188004,SLOUGH,
250001157556,SLOUGH,
250001138947,SLOUGH,
250001141076,SLOUGH,
250001121817,SLOUGH,
250001203923,SLOUGH,
250001128363,SLOUGH,
250001192859,SLOUGH,
250001160968,SLOUGH,
250001127405,SLOUGH,
250001255907,SLOUGH,
250001152657,SLOUGH,
250001247899,SLOUGH,
250001121222,SLOUGH,
250001122272,SLOUGH,
250001262993,SLOUGH,
250001124018,SLOUGH,
250001241822,SLOUGH,
250001171562,SLOUGH,
250001250415,SLOUGH,
250001209379,SLOUGH,
250001137649,SLOUGH,
250001150212,SLOUGH,
250001266481,SLOUGH,
250001152514,SLOUGH,
250001135647,SLOUGH,
250001223922,SLOUGH,
250001179231,SLOUGH,
250001247677,SLOUGH,
250001174430,SLOUGH,
250001140228,SLOUGH,
250001242406,SLOUGH,
250001247342,SLOUGH,
250001246043,SLOUGH,
250001156913,SLOUGH,
250001132813,SLOUGH,
250001126931,SLOUGH,
250001220340,SLOUGH,
250001220148,SLOUGH,
250001222790,SLOUGH,
250001212258,SLOUGH,
250001207361,SLOUGH,
250001193144,SLOUGH,
250001186509,SLOUGH,
250001165389,SLOUGH,
250001142808,SLOUGH,
250001201691,SLOUGH,
250001245264,SLOUGH,
250001210306,SLOUGH,
250001178286,SLOUGH,
250001124382,SLOUGH,
250001148096,SLOUGH,
250001144382,SLOUGH,
250001259178,SLOUGH,
250001172691,SLOUGH,
250001229677,SLOUGH,
250001246034,SLOUGH,
250001222916,SLOUGH,
250001229265,SLOUGH,
250001134247,SLOUGH,
250001226503,SLOUGH,
250001182020,SLOUGH,
250001176981,SLOUGH,
250001260091,SLOUGH,
250001258474,SLOUGH,
250001136741,SLOUGH,
250001243808,SLOUGH,
250001153895,SLOUGH,
250001188316,SLOUGH,
250001156010,SLOUGH,
250001218124,SLOUGH,
250001179866,SLOUGH,
250001179143,SLOUGH,
250001164102,SLOUGH,
250001203793,SLOUGH,
250001137553,SLOUGH,
250001194554,SLOUGH,
250001127055,SLOUGH,
250001130810,SLOUGH,
250001181508,SLOUGH,
250001122663,SLOUGH,
250001168128,SLOUGH,
250001145949,SLOUGH,
250001225552,SLOUGH,
250001158284,SLOUGH,
250001233453,SLOUGH,
250001243974,SLOUGH,
250001155618,SLOUGH,
250001209834,SLOUGH,
250001170890,SLOUGH,
250001182960,SLOUGH,
250001128253,SLOUGH,
250001202830,SLOUGH,
250001195772,SLOUGH,
250001127255,SLOUGH,
250001144709,SLOUGH,
250001263902,SLOUGH,
250001144325,SLOUGH,
250001225102,SLOUGH,
250001126247,SLOUGH,
250001132485,SLOUGH,
250001124607,SLOUGH,
250001242943,SLOUGH,
250001193720,SLOUGH,
250001258733,SLOUGH,
250001209459,SLOUGH,
250001196093,SLOUGH,
250001245383,SLOUGH,
250001199133,SLOUGH,
250001162761,SLOUGH,
250001216491,SLOUGH,
250001159615,SLOUGH,
250001172891,SLOUGH,
250001138701,SLOUGH,
250001199791,SLOUGH,
250001118015,SLOUGH,
250001256129,SLOUGH,
250001193100,SLOUGH,
250001188405,SLOUGH,
250001145931,SLOUGH,
250001247804,SLOUGH,
250001164662,SLOUGH,
250001228853,SLOUGH,
250001147565,SLOUGH,
250001134767,SLOUGH,
250001264300,SLOUGH,
250001227419,SLOUGH,
250001173106,SLOUGH,
250001236239,SLOUGH,
250001193571,SLOUGH,
250001230702,SLOUGH,
250001155854,SLOUGH,
250001230986,SLOUGH,
250001199000,SLOUGH,
250001198819,SLOUGH,
250001259747,SLOUGH,
250001240156,SLOUGH,
250001132137,SLOUGH,
250001133953,SLOUGH,
250001206507,SLOUGH,
250001236075,SLOUGH,
250001126741,SLOUGH,
250001158605,SLOUGH,
250001262772,SLOUGH,
250001119986,SLOUGH,
250001251229,SLOUGH,
250001196343,SLOUGH,
250001181011,SLOUGH,
250001170133,SLOUGH,
250001136167,SLOUGH,
250001130242,SLOUGH,
250001124014,SLOUGH,
250001262532,SLOUGH,
250001119983,SLOUGH,
250001205246,SLOUGH,
250001154282,SLOUGH,
250001164162,SLOUGH,
250001257503,SLOUGH,
250001232088,SLOUGH,
250001172641,SLOUGH,
250001181297,SLOUGH,
250001220856,SLOUGH,
250001142744,SLOUGH,
250001161044,SLOUGH,
250001231117,SLOUGH,
250001149007,SLOUGH,
250001202378,SLOUGH,
250001127404,SLOUGH,
250001195020,SLOUGH,
250001138171,SLOUGH,
250001245370,SLOUGH,
250001198919,SLOUGH,
250001187914,SLOUGH,
250001180455,SLOUGH,
250001151856,SLOUGH,
250001256661,SLOUGH,
250001248718,SLOUGH,
250001201836,SLOUGH,
250001166776,SLOUGH,
250001164424,SLOUGH,
250001266068,SLOUGH,
250001133368,SLOUGH,
250001185676,SLOUGH,
250001255616,SLOUGH,
250001253195,SLOUGH,
250001179023,SLOUGH,
250001228861,SLOUGH,
250001154991,SLOUGH,
250001154439,SLOUGH,
250001171672,SLOUGH,
250001156713,SLOUGH,
250001189883,SLOUGH,
250001119332,SLOUGH,
250001164263,SLOUGH,
250001247731,SLOUGH,
250001155007,SLOUGH,
250001224908,SLOUGH,
250001131442,SLOUGH,
250001161007,SLOUGH,
250001149458,SLOUGH,
250001146868,SLOUGH,
250001141529,SLOUGH,
250001182372,SLOUGH,
250001140620,SLOUGH,
250001134582,SLOUGH,
250001182638,SLOUGH,
250001249683,SLOUGH,
250001205912,SLOUGH,
250001256038,SLOUGH,
250001177451,SLOUGH,
250001266121,SLOUGH,
250001121998,SLOUGH,
250001179923,SLOUGH,
250001174257,SLOUGH,
250001208358,SLOUGH,
250001117542,SLOUGH,
250001160564,SLOUGH,
250001147727,SLOUGH,
250001247898,SLOUGH,
250001169631,SLOUGH,
250001265057,SLOUGH,
250001228374,SLOUGH,
250001138314,SLOUGH,
250001222863,SLOUGH,
250001199570,SLOUGH,
250001196172,SLOUGH,
250001174259,SLOUGH,
250001119797,SLOUGH,
250001267848,SLOUGH,
250001257693,SLOUGH,
250001195158,SLOUGH,
250001248377,SLOUGH,
250001205471,SLOUGH,
250001115828,SLOUGH,
250001228170,SLOUGH,
250001145741,SLOUGH,
250001130485,SLOUGH,
250001267135,SLOUGH,
250001232009,SLOUGH,
250001131878,SLOUGH,
250001251762,SLOUGH,
250001172302,SLOUGH,
250001217771,SLOUGH,
250001266972,SLOUGH,
250001210929,SLOUGH,
250001121462,SLOUGH,
250001240725,SLOUGH,
250001230696,SLOUGH,
250001148313,SLOUGH,
250001263725,SLOUGH,
250001180293,SLOUGH,
250001112862,SLOUGH,
250001242704,SLOUGH,
250001195649,SLOUGH,
250001211864,SLOUGH,
250001259920,SLOUGH,
250001202450,SLOUGH,
250001245255,SLOUGH,
250001236438,SLOUGH,
250001210042,SLOUGH,
250001254816,SLOUGH,
250001133516,SLOUGH,
250001181580,SLOUGH,
250001225578,SLOUGH,
250001187355,SLOUGH,
250001161188,SLOUGH,
250001180745,SLOUGH,
250001242692,SLOUGH,
250001130714,SLOUGH,
250001215567,SLOUGH,
250001264178,SLOUGH,
250001157555,SLOUGH,
250001231770,SLOUGH,
250001235309,SLOUGH,
250001147156,SLOUGH,
250001123355,SLOUGH,
250001220441,SLOUGH,
250001262178,SLOUGH,
250001250678,SLOUGH,
250001199876,SLOUGH,
250001173351,SLOUGH,
250001117094,SLOUGH,
250001131659,SLOUGH,
250001198959,SLOUGH,
250001164134,SLOUGH,
250001257392,SLOUGH,
250001230040,SLOUGH,
250001148239,SLOUGH,
250001121067,SLOUGH,
250001192438,SLOUGH,
250001156617,SLOUGH,
250001118334,SLOUGH,
250001166607,SLOUGH,
250001140381,SLOUGH,
250001113341,SLOUGH,
250001235707,SLOUGH,
250001260115,SLOUGH,
250001136333,SLOUGH,
250001224405,SLOUGH,
250001224199,SLOUGH,
250001176398,SLOUGH,
250001251529,SLOUGH,
250001153287,SLOUGH,
250001235619,SLOUGH,
250001262956,SLOUGH,
250001155294,SLOUGH,
250001152638,SLOUGH,
250001133976,SLOUGH,
250001171200,SLOUGH,
250001237583,SLOUGH,
250001114183,SLOUGH,
250001200231,SLOUGH,
250001263746,SLOUGH,
250001239420,SLOUGH,
250001247611,SLOUGH,
250001181646,SLOUGH,
250001166095,SLOUGH,
250001199973,SLOUGH,
250001221370,SLOUGH,
250001260158,SLOUGH,
250001236123,SLOUGH,
250001228466,SLOUGH,
250001206640,SLOUGH,
250001178774,SLOUGH,
250001242990,SLOUGH,
250001144005,SLOUGH,
250001254756,SLOUGH,
250001253597,SLOUGH,
250001189024,SLOUGH,
250001259190,SLOUGH,
250001139454,SLOUGH,
250001117688,SLOUGH,
250001247257,SLOUGH,
250001235822,SLOUGH,
250001240589,SLOUGH,
250001164333,SLOUGH,
250001124015,SLOUGH,
250001251541,SLOUGH,
250001172886,SLOUGH,
250001195162,SLOUGH,
250001229074,SLOUGH,
250001222556,SLOUGH,
250001155416,SLOUGH,
250001212051,SLOUGH,
250001247192,SLOUGH,
250001145835,SLOUGH,
250001229053,SLOUGH,
250001234926,SLOUGH,
250001236857,SLOUGH,
250001114291,SLOUGH,
250001227364,SLOUGH,
250001133699,SLOUGH,
250001252056,SLOUGH,
250001229736,SLOUGH,
250001188376,SLOUGH,
250001258363,SLOUGH,
250001182869,SLOUGH,
250001259647,SLOUGH,
250001158531,SLOUGH,
250001239410,SLOUGH,
250001225993,SLOUGH,
250001151167,SLOUGH,
250001124587,SLOUGH,
250001126932,SLOUGH,
250001230605,SLOUGH,
250001150778,SLOUGH,
250001114510,SLOUGH,
250001189724,SLOUGH,
250001184061,SLOUGH,
250001168888,SLOUGH,
250001139446,SLOUGH,
250001230457,SLOUGH,
250001152389,SLOUGH,
250001208719,SLOUGH,
250001203808,SLOUGH,
250001251570,SLOUGH,
250001206571,SLOUGH,
250001141627,SLOUGH,
250001161204,SLOUGH,
250001254699,SLOUGH,
250001256000,SLOUGH,
250001167759,SLOUGH,
250001254151,SLOUGH,
250001159980,SLOUGH,
250001201842,SLOUGH,
250001262062,SLOUGH,
250001156238,SLOUGH,
250001223311,SLOUGH,
250001247700,SLOUGH,
250001130755,SLOUGH,
250001128576,SLOUGH,
250001209445,SLOUGH,
250001214393,SLOUGH,
250001231300,SLOUGH,
250001152223,SLOUGH,
250001195037,SLOUGH,
250001175542,SLOUGH,
250001167358,SLOUGH,
250001213520,SLOUGH,
250001222971,SLOUGH,
250001203135,SLOUGH,
250001191693,SLOUGH,
250001210167,SLOUGH,
250001118994,SLOUGH,
250001118571,SLOUGH,
250001252741,SLOUGH,
250001205989,SLOUGH,
250001143796,SLOUGH,
250001184077,SLOUGH,
250001134776,SLOUGH,
250001221863,SLOUGH,
250001138745,SLOUGH,
250001196963,SLOUGH,
250001153851,SLOUGH,
250001240123,SLOUGH,
250001245738,SLOUGH,
250001212710,SLOUGH,
250001119893,SLOUGH,
250001112805,SLOUGH,
250001164204,SLOUGH,
250001115110,SLOUGH,
250001115745,SLOUGH,
250001178023,SLOUGH,
250001239563,SLOUGH,
250001215703,SLOUGH,
250001174190,SLOUGH,
250001137281,SLOUGH,
250001122728,SLOUGH,
250001208964,SLOUGH,
250001268104,SLOUGH,
250001136789,SLOUGH,
250001169354,SLOUGH,
250001179436,SLOUGH,
250001170501,SLOUGH,
250001207816,SLOUGH,
250001234012,SLOUGH,
250001209500,SLOUGH,
250001123955,SLOUGH,
250001199083,SLOUGH,
250001224345,SLOUGH,
250001205398,SLOUGH,
250001124850,SLOUGH,
250001211302,SLOUGH,
250001236144,SLOUGH,
250001222695,SLOUGH,
250001243470,SLOUGH,
250001195252,SLOUGH,
250001179331,SLOUGH,
250001206724,SLOUGH,
250001185929,SLOUGH,
250001243273,SLOUGH,
250001138834,SLOUGH,
250001215422,SLOUGH,
250001164434,SLOUGH,
250001227820,SLOUGH,
250001172698,SLOUGH,
250001151857,SLOUGH,
250001239546,SLOUGH,
250001128081,SLOUGH,
250001124115,SLOUGH,
250001187111,SLOUGH,
250001242138,SLOUGH,
250001173585,SLOUGH,
250001153037,SLOUGH,
250001149412,SLOUGH,
250001167529,SLOUGH,
250001136165,SLOUGH,
250001145523,SLOUGH,
250001250478,SLOUGH,
250001206332,SLOUGH,
250001160642,SLOUGH,
250001184824,SLOUGH,
250001257792,SLOUGH,
250001168312,SLOUGH,
250001179145,SLOUGH,
250001200892,SLOUGH,
250001153264,SLOUGH,
250001145184,SLOUGH,
250001248166,SLOUGH,
250001197201,SLOUGH,
250001173181,SLOUGH,
250001239935,SLOUGH,
250001172338,SLOUGH,
250001258762,SLOUGH,
250001231063,SLOUGH,
250001186659,SLOUGH,
250001124441,SLOUGH,
250001244971,SLOUGH,
250001236177,SLOUGH,
250001230708,SLOUGH,
250001228415,SLOUGH,
250001244173,SLOUGH,
250001253750,SLOUGH,
250001172760,SLOUGH,
250001259477,SLOUGH,
250001148480,SLOUGH,
250001192363,SLOUGH,
250001234486,SLOUGH,
250001134396,SLOUGH,
250001190213,SLOUGH,
250001229293,SLOUGH,
250001198954,SLOUGH,
250001138711,SLOUGH,
250001155334,SLOUGH,
250001166121,SLOUGH,
250001131511,SLOUGH,
250001172644,SLOUGH,
250001144405,SLOUGH,
250001216194,SLOUGH,
250001115220,SLOUGH,
250001159657,SLOUGH,
250001264023,SLOUGH,
250001155862,SLOUGH,
250001238013,SLOUGH,
250001170767,SLOUGH,
250001117033,SLOUGH,
250001258413,SLOUGH,
250001179572,SLOUGH,
250001145821,SLOUGH,
250001228506,SLOUGH,
250001256618,SLOUGH,
250001156369,SLOUGH,
250001251922,SLOUGH,
250001215116,SLOUGH,
250001158398,SLOUGH,
250001249667,SLOUGH,
250001214306,SLOUGH,
250001188277,SLOUGH,
250001190474,SLOUGH,
250001209697,SLOUGH,
250001227356,SLOUGH,
250001217698,SLOUGH,
250001231518,SLOUGH,
250001118715,SLOUGH,
250001189046,SLOUGH,
250001116897,SLOUGH,
250001208402,SLOUGH,
250001174869,SLOUGH,
250001249583,SLOUGH,
250001225833,SLOUGH,
250001196926,SLOUGH,
250001233337,SLOUGH,
250001205029,SLOUGH,
250001193116,SLOUGH,
250001129219,SLOUGH,
250001224114,SLOUGH,
250001152156,SLOUGH,
250001242232,SLOUGH,
250001183746,SLOUGH,
250001230800,SLOUGH,
250001192189,SLOUGH,
250001160970,SLOUGH,
250001201583,SLOUGH,
250001220164,SLOUGH,
250001259084,SLOUGH,
250001114315,SLOUGH,
250001143630,SLOUGH,
250001207647,SLOUGH,
250001124019,SLOUGH,
250001146121,SLOUGH,
250001258457,SLOUGH,
250001160715,SLOUGH,
250001151161,SLOUGH,
250001114138,SLOUGH,
250001221366,SLOUGH,
250001172066,SLOUGH,
250001172002,SLOUGH,
250001199554,SLOUGH,
250001210491,SLOUGH,
250001146570,SLOUGH,
250001252515,SLOUGH,
250001240836,SLOUGH,
250001161046,SLOUGH,
250001243327,SLOUGH,
250001222050,SLOUGH,
250001202992,SLOUGH,
250001216144,SLOUGH,
250001112469,SLOUGH,
250001230046,SLOUGH,
250001206677,SLOUGH,
250001236042,SLOUGH,
250001131288,SLOUGH,
250001258276,SLOUGH,
250001156113,SLOUGH,
250001136097,SLOUGH,
250001164449,SLOUGH,
250001165872,SLOUGH,
250001235689,SLOUGH,
250001157621,SLOUGH,
250001251832,SLOUGH,
250001240119,SLOUGH,
250001209310,SLOUGH,
250001258952,SLOUGH,
250001167722,SLOUGH,
250001248236,SLOUGH,
250001239553,SLOUGH,
250001194458,SLOUGH,
250001145198,SLOUGH,
250001200752,SLOUGH,
250001194811,SLOUGH,
250001152436,SLOUGH,
250001218305,SLOUGH,
250001155019,SLOUGH,
250001264536,SLOUGH,
250001170930,SLOUGH,
250001261218,SLOUGH,
250001185620,SLOUGH,
250001174588,SLOUGH,
250001191304,SLOUGH,
250001139544,SLOUGH,
250001231904,SLOUGH,
250001184564,SLOUGH,
250001116760,SLOUGH,
250001259369,SLOUGH,
250001185357,SLOUGH,
250001164448,SLOUGH,
250001150016,SLOUGH,
250001229031,SLOUGH,
250001219223,SLOUGH,
250001255647,SLOUGH,
250001255060,SLOUGH,
250001165176,SLOUGH,
250001147991,SLOUGH,
250001124365,SLOUGH,
250001211228,SLOUGH,
250001245886,SLOUGH,
250001140034,SLOUGH,
250001238786,SLOUGH,
250001150653,SLOUGH,
250001258706,SLOUGH,
250001232286,SLOUGH,
250001232327,SLOUGH,
250001255493,SLOUGH,
250001120443,SLOUGH,
250001125008,SLOUGH,
250001130282,SLOUGH,
250001203921,SLOUGH,
250001135383,SLOUGH,
250001176628,SLOUGH,
250001260522,SLOUGH,
250001152312,SLOUGH,
250001132696,SLOUGH,
250001211891,SLOUGH,
250001134181,SLOUGH,
250001215724,SLOUGH,
250001192415,SLOUGH,
250001121253,SLOUGH,
250001228118,SLOUGH,
250001266997,SLOUGH,
250001256045,SLOUGH,
250001148227,SLOUGH,
250001127057,SLOUGH,
250001161457,SLOUGH,
250001184601,SLOUGH,
250001235098,SLOUGH,
250001139391,SLOUGH,
250001247741,SLOUGH,
250001250813,SLOUGH,
250001211618,SLOUGH,
250001249383,SLOUGH,
250001134262,SLOUGH,
250001251737,SLOUGH,
250001225976,SLOUGH,
250001252541,SLOUGH,
250001176877,SLOUGH,
250001255766,SLOUGH,
250001192016,SLOUGH,
250001188084,SLOUGH,
250001114109,SLOUGH,
250001183988,SLOUGH,
250001133199,SLOUGH,
250001134709,SLOUGH,
250001133442,SLOUGH,
250001250210,SLOUGH,
250001197415,SLOUGH,
250001228456,SLOUGH,
250001251765,SLOUGH,
250001223924,SLOUGH,
250001199871,SLOUGH,
250001127742,SLOUGH,
250001253662,SLOUGH,
250001235671,SLOUGH,
250001164331,SLOUGH,
250001149496,SLOUGH,
250001185078,SLOUGH,
250001254703,SLOUGH,
250001127955,SLOUGH,
250001208746,SLOUGH,
250001228619,SLOUGH,
250001142422,SLOUGH,
250001196600,SLOUGH,
250001173890,SLOUGH,
250001117097,SLOUGH,
250001282029,SLOUGH,
250001214688,SLOUGH,
250001142628,SLOUGH,
250001222269,SLOUGH,
250001207670,SLOUGH,
250001208001,SLOUGH,
250001171275,SLOUGH,
250001211714,SLOUGH,
250001174607,SLOUGH,
250001172371,SLOUGH,
250001246990,SLOUGH,
250001241215,SLOUGH,
250001246935,SLOUGH,
250001156368,SLOUGH,
250001152351,SLOUGH,
250001268508,SLOUGH,
250001248175,SLOUGH,
250001214749,SLOUGH,
250001244040,SLOUGH,
250001196011,SLOUGH,
250001187165,SLOUGH,
250001132853,SLOUGH,
250001114781,SLOUGH,
250001236062,SLOUGH,
250001206125,SLOUGH,
250001177601,SLOUGH,
250001167811,SLOUGH,
250001164730,SLOUGH,
250001211412,SLOUGH,
250001205402,SLOUGH,
250001236850,SLOUGH,
250001191685,SLOUGH,
250001116815,SLOUGH,
250001268131,SLOUGH,
250001214198,SLOUGH,
250001209746,SLOUGH,
250001182730,SLOUGH,
250001245110,SLOUGH,
250001221403,SLOUGH,
250001220932,SLOUGH,
250001163287,SLOUGH,
250001161337,SLOUGH,
250001227382,SLOUGH,
250001120691,SLOUGH,
250001134246,SLOUGH,
250001204300,SLOUGH,
250001230073,SLOUGH,
250001220337,SLOUGH,
250001261344,SLOUGH,
250001186833,SLOUGH,
250001170985,SLOUGH,
250001260011,SLOUGH,
250001146009,SLOUGH,
250001240354,SLOUGH,
250001235175,SLOUGH,
250001164521,SLOUGH,
250001267899,SLOUGH,
250001215706,SLOUGH,
250001179582,SLOUGH,
250001174999,SLOUGH,
250001136778,SLOUGH,
250001222032,SLOUGH,
250001124651,SLOUGH,
250001163374,SLOUGH,
250001202859,SLOUGH,
250001261026,SLOUGH,
250001188411,SLOUGH,
250001151647,SLOUGH,
250001134921,SLOUGH,
250001157544,SLOUGH,
250001226389,SLOUGH,
250001265280,SLOUGH,
250001176216,SLOUGH,
250001175332,SLOUGH,
250001154300,SLOUGH,
250001255994,SLOUGH,
250001250680,SLOUGH,
250001191655,SLOUGH,
250001236250,SLOUGH,
250001147722,SLOUGH,
250001206884,SLOUGH,
250001187358,SLOUGH,
250001128752,SLOUGH,
250001206945,SLOUGH,
250001127228,SLOUGH,
250001236258,SLOUGH,
250001265365,SLOUGH,
250001236434,SLOUGH,
250001173461,SLOUGH,
250001223825,SLOUGH,
250001156748,SLOUGH,
250001195159,SLOUGH,
250001256948,SLOUGH,
250001215331,SLOUGH,
250001208691,SLOUGH,
250001151750,SLOUGH,
250001259797,SLOUGH,
250001146809,SLOUGH,
250001217920,SLOUGH,
250001264510,SLOUGH,
250001182359,SLOUGH,
250001229685,SLOUGH,
250001260803,SLOUGH,
250001260415,SLOUGH,
250001124685,SLOUGH,
250001144580,SLOUGH,
250001117174,SLOUGH,
250001118105,SLOUGH,
250001242911,SLOUGH,
250001198906,SLOUGH,
250001263229,SLOUGH,
250001186492,SLOUGH,
250001231582,SLOUGH,
250001206842,SLOUGH,
250001253314,SLOUGH,
250001188964,SLOUGH,
250001168200,SLOUGH,
250001242176,SLOUGH,
250001253414,SLOUGH,
250001196137,SLOUGH,
250001130923,SLOUGH,
250001251390,SLOUGH,
250001154935,SLOUGH,
250001150318,SLOUGH,
250001128022,SLOUGH,
250001114683,SLOUGH,
250001204898,SLOUGH,
250001259802,SLOUGH,
250001251564,SLOUGH,
250001238124,SLOUGH,
250001261969,SLOUGH,
250001246120,SLOUGH,
250001236511,SLOUGH,
250001119786,SLOUGH,
250001191851,SLOUGH,
250001228203,SLOUGH,
250001136770,SLOUGH,
250001217439,SLOUGH,
250001183967,SLOUGH,
250001259857,SLOUGH,
250001239319,SLOUGH,
250001120006,SLOUGH,
250001190178,SLOUGH,
250001265269,SLOUGH,
250001150167,SLOUGH,
250001121343,SLOUGH,
250001192032,SLOUGH,
250001166793,SLOUGH,
250001131903,SLOUGH,
250001182135,SLOUGH,
250001252048,SLOUGH,
250001221181,SLOUGH,
250001154962,SLOUGH,
250001220375,SLOUGH,
250001215727,SLOUGH,
250001138392,SLOUGH,
250001251645,SLOUGH,
250001181843,SLOUGH,
250001222497,SLOUGH,
250001125263,SLOUGH,
250001241188,SLOUGH,
250001207274,SLOUGH,
250001202952,SLOUGH,
250001196006,SLOUGH,
250001196965,SLOUGH,
250001264044,SLOUGH,
250001177787,SLOUGH,
250001148601,SLOUGH,
250001117251,SLOUGH,
250001266802,SLOUGH,
250001147406,SLOUGH,
250001152153,SLOUGH,
250001176308,SLOUGH,
250001239181,SLOUGH,
250001149976,SLOUGH,
250001259583,SLOUGH,
250001200242,SLOUGH,
250001252261,SLOUGH,
250001195691,SLOUGH,
250001183162,SLOUGH,
250001207475,SLOUGH,
250001190194,SLOUGH,
250001258654,SLOUGH,
250001255371,SLOUGH,
250001251713,SLOUGH,
250001248011,SLOUGH,
250001189491,SLOUGH,
250001243854,SLOUGH,
250001123833,SLOUGH,
250001119014,SLOUGH,
250001241999,SLOUGH,
250001215405,SLOUGH,
250001231919,SLOUGH,
250001174046,SLOUGH,
250001168039,SLOUGH,
250001228499,SLOUGH,
250001218077,SLOUGH,
250001182949,SLOUGH,
250001252368,SLOUGH,
250001230693,SLOUGH,
250001258668,SLOUGH,
250001198977,SLOUGH,
250001197514,SLOUGH,
250001140812,SLOUGH,
250001258293,SLOUGH,
250001172688,SLOUGH,
250001244066,SLOUGH,
250001230409,SLOUGH,
250001145307,SLOUGH,
250001156671,SLOUGH,
250001228145,SLOUGH,
250001267126,SLOUGH,
250001247595,SLOUGH,
250001203058,SLOUGH,
250001246497,SLOUGH,
250001112707,SLOUGH,
250001247208,SLOUGH,
250001145318,SLOUGH,
250001145229,SLOUGH,
250001169572,SLOUGH,
250001177931,SLOUGH,
250001135473,SLOUGH,
250001137493,SLOUGH,
250001215386,SLOUGH,
250001168652,SLOUGH,
250001211821,SLOUGH,
250001118022,SLOUGH,
250001239025,SLOUGH,
250001216763,SLOUGH,
250001112894,SLOUGH,
250001134245,SLOUGH,
250001230475,SLOUGH,
250001161974,SLOUGH,
250001198074,SLOUGH,
250001247798,SLOUGH,
250001183666,SLOUGH,
250001230062,SLOUGH,
250001157559,SLOUGH,
250001130444,SLOUGH,
250001223079,SLOUGH,
250001160958,SLOUGH,
250001144430,SLOUGH,
250001261494,SLOUGH,
250001140178,SLOUGH,
250001187763,SLOUGH,
250001250213,SLOUGH,
250001211782,SLOUGH,
250001209758,SLOUGH,
250001249670,SLOUGH,
250001206655,SLOUGH,
250001212338,SLOUGH,
250001195907,SLOUGH,
250001192346,SLOUGH,
250001164152,SLOUGH,
250001242645,SLOUGH,
250001169181,SLOUGH,
250001187240,SLOUGH,
250001161961,SLOUGH,
250001262168,SLOUGH,
250001258034,SLOUGH,
250001161704,SLOUGH,
250001152725,SLOUGH,
250001211726,SLOUGH,
250001242599,SLOUGH,
250001139986,SLOUGH,
250001185991,SLOUGH,
250001147845,SLOUGH,
250001158480,SLOUGH,
250001116401,SLOUGH,
250001114239,SLOUGH,
250001261854,SLOUGH,
250001157348,SLOUGH,
250001261114,SLOUGH,
250001176403,SLOUGH,
250001259850,SLOUGH,
250001171965,SLOUGH,
250001237436,SLOUGH,
250001197597,SLOUGH,
250001251426,SLOUGH,
250001265892,SLOUGH,
250001141072,SLOUGH,
250001190347,SLOUGH,
250001164664,SLOUGH,
250001238789,SLOUGH,
250001213243,SLOUGH,
250001248298,SLOUGH,
250001115582,SLOUGH,
250001228141,SLOUGH,
250001207549,SLOUGH,
250001171242,SLOUGH,
250001221458,SLOUGH,
250001119309,SLOUGH,
250001148585,SLOUGH,
250001148123,SLOUGH,
250001146396,SLOUGH,
250001177108,SLOUGH,
250001251783,SLOUGH,
250001205584,SLOUGH,
250001136146,SLOUGH,
250001181168,SLOUGH,
250001151519,SLOUGH,
250001148121,SLOUGH,
250001188464,SLOUGH,
250001255776,SLOUGH,
250001265509,SLOUGH,
250001199649,SLOUGH,
250001176188,SLOUGH,
250001262578,SLOUGH,
250001194177,SLOUGH,
250001216080,SLOUGH,
250001140951,SLOUGH,
250001121588,SLOUGH,
250001114749,SLOUGH,
250001166169,SLOUGH,
250001152370,SLOUGH,
250001208762,SLOUGH,
250001150725,SLOUGH,
250001262538,SLOUGH,
250001248288,SLOUGH,
250001220497,SLOUGH,
250001221996,SLOUGH,
250001189112,SLOUGH,
250001138617,SLOUGH,
250001145770,SLOUGH,
250001116781,SLOUGH,
250001243507,SLOUGH,
250001248100,SLOUGH,
250001133473,SLOUGH,
250001231753,SLOUGH,
250001154677,SLOUGH,
250001181581,SLOUGH,
250001122727,SLOUGH,
250001239591,SLOUGH,
250001161006,SLOUGH,
250001253657,SLOUGH,
250001190718,SLOUGH,
250001172185,SLOUGH,
250001164193,SLOUGH,
250001200179,SLOUGH,
250001137865,SLOUGH,
250001128406,SLOUGH,
250001188587,SLOUGH,
250001183381,SLOUGH,
250001165021,SLOUGH,
250001124262,SLOUGH,
250001252057,SLOUGH,
250001113348,SLOUGH,
250001128535,SLOUGH,
250001205285,SLOUGH,
250001139021,SLOUGH,
250001217496,SLOUGH,
250001172584,SLOUGH,
250001128547,SLOUGH,
250001118270,SLOUGH,
250001188548,SLOUGH,
250001237412,SLOUGH,
250001184627,SLOUGH,
250001229058,SLOUGH,
250001135988,SLOUGH,
250001219983,SLOUGH,
250001152112,SLOUGH,
250001153115,SLOUGH,
250001151465,SLOUGH,
250001153095,SLOUGH,
250001191513,SLOUGH,
250001235684,SLOUGH,
250001204985,SLOUGH,
250001263552,SLOUGH,
250001127009,SLOUGH,
250001128008,SLOUGH,
250001176055,SLOUGH,
250001113536,SLOUGH,
250001196298,SLOUGH,
250001262227,SLOUGH,
250001253707,SLOUGH,
250001148583,SLOUGH,
250001144938,SLOUGH,
250001184191,SLOUGH,
250001203023,SLOUGH,
250001128143,SLOUGH,
250001128885,SLOUGH,
250001117260,SLOUGH,
250001187773,SLOUGH,
250001148738,SLOUGH,
250001230704,SLOUGH,
250001179863,SLOUGH,
250001199435,SLOUGH,
250001240750,SLOUGH,
250001129660,SLOUGH,
250001196905,SLOUGH,
250001222496,SLOUGH,
250001209140,SLOUGH,
250001202321,SLOUGH,
250001157399,SLOUGH,
250001133493,SLOUGH,
250001149601,SLOUGH,
250001133561,SLOUGH,
250001263064,SLOUGH,
250001168733,SLOUGH,
250001177092,SLOUGH,
250001132205,SLOUGH,
250001223116,SLOUGH,
250001206366,SLOUGH,
250001264755,SLOUGH,
250001178610,SLOUGH,
250001119428,SLOUGH,
250001196340,SLOUGH,
250001167237,SLOUGH,
250001253112,SLOUGH,
250001247850,SLOUGH,
250001170345,SLOUGH,
250001178816,SLOUGH,
250001204444,SLOUGH,
250001238155,SLOUGH,
250001116153,SLOUGH,
250001193386,SLOUGH,
250001238542,SLOUGH,
250001137105,SLOUGH,
250001210794,SLOUGH,
250001151580,SLOUGH,
250001129530,SLOUGH,
250001193203,SLOUGH,
250001199516,SLOUGH,
250001201889,SLOUGH,
250001187878,SLOUGH,
250001120547,SLOUGH,
250001176499,SLOUGH,
250001268213,SLOUGH,
250001243661,SLOUGH,
250001153040,SLOUGH,
250001118785,SLOUGH,
250001166445,SLOUGH,
250001189025,SLOUGH,
250001207827,SLOUGH,
250001176552,SLOUGH,
250001119773,SLOUGH,
250001178360,SLOUGH,
250001191433,SLOUGH,
250001211421,SLOUGH,
250001170419,SLOUGH,
250001144312,SLOUGH,
250001231702,SLOUGH,
250001165891,SLOUGH,
250001247199,SLOUGH,
250001177721,SLOUGH,
250001179820,SLOUGH,
250001199373,SLOUGH,
250001233105,SLOUGH,
250001193640,SLOUGH,
250001202827,SLOUGH,
250001212645,SLOUGH,
250001224225,SLOUGH,
250001141702,SLOUGH,
250001125742,SLOUGH,
250001203647,SLOUGH,
250001149287,SLOUGH,
250001264918,SLOUGH,
250001155478,SLOUGH,
250001179180,SLOUGH,
250001170406,SLOUGH,
250001213441,SLOUGH,
250001185989,SLOUGH,
250001119306,SLOUGH,
250001150506,SLOUGH,
250001200855,SLOUGH,
250001263829,SLOUGH,
250001112825,SLOUGH,
250001172639,SLOUGH,
250001230438,SLOUGH,
250001135484,SLOUGH,
250001132456,SLOUGH,
250001211305,SLOUGH,
250001194219,SLOUGH,
250001251265,SLOUGH,
250001211678,SLOUGH,
250001223449,SLOUGH,
250001133710,SLOUGH,
250001134394,SLOUGH,
250001264256,SLOUGH,
250001243042,SLOUGH,
250001232611,SLOUGH,
250001197046,SLOUGH,
250001194673,SLOUGH,
250001192629,SLOUGH,
250001127180,SLOUGH,
250001189868,SLOUGH,
250001180376,SLOUGH,
250001223315,SLOUGH,
250001148188,SLOUGH,
250001168350,SLOUGH,
250001222317,SLOUGH,
250001214305,SLOUGH,
250001140412,SLOUGH,
250001119489,SLOUGH,
250001242963,SLOUGH,
250001142059,SLOUGH,
250001189252,SLOUGH,
250001137353,SLOUGH,
250001168343,SLOUGH,
250001262801,SLOUGH,
250001189567,SLOUGH,
250001229993,SLOUGH,
250001149397,SLOUGH,
250001140824,SLOUGH,
250001236102,SLOUGH,
250001140759,SLOUGH,
250001239291,SLOUGH,
250001168328,SLOUGH,
250001232704,SLOUGH,
250001187778,SLOUGH,
250001120003,SLOUGH,
250001267792,SLOUGH,
250001211819,SLOUGH,
250001154546,SLOUGH,
250001139917,SLOUGH,
250001174361,SLOUGH,
250001202804,SLOUGH,
250001183271,SLOUGH,
250001168463,SLOUGH,
250001183883,SLOUGH,
250001164499,SLOUGH,
250001157089,SLOUGH,
250001228000,SLOUGH,
250001266424,SLOUGH,
250001226772,SLOUGH,
250001174018,SLOUGH,
250001144377,SLOUGH,
250001265245,SLOUGH,
250001202416,SLOUGH,
250001139938,SLOUGH,
250001128779,SLOUGH,
250001211456,SLOUGH,
250001243025,SLOUGH,
250001131547,SLOUGH,
250001184189,SLOUGH,
250001118762,SLOUGH,
250001265154,SLOUGH,
250001192337,SLOUGH,
250001256419,SLOUGH,
250001251725,SLOUGH,
250001115242,SLOUGH,
250001139428,SLOUGH,
250001125641,SLOUGH,
250001187832,SLOUGH,
250001207642,SLOUGH,
250001266566,SLOUGH,
250001168468,SLOUGH,
250001255404,SLOUGH,
250001245932,SLOUGH,
250001199747,SLOUGH,
250001151168,SLOUGH,
250001205342,SLOUGH,
250001204190,SLOUGH,
250001244542,SLOUGH,
250001183771,SLOUGH,
250001155322,SLOUGH,
250001126223,SLOUGH,
250001143117,SLOUGH,
250001243180,SLOUGH,
250001138516,SLOUGH,
250001236873,SLOUGH,
250001264447,SLOUGH,
250001163273,SLOUGH,
250001243297,SLOUGH,
250001127803,SLOUGH,
250001205994,SLOUGH,
250001195646,SLOUGH,
250001232460,SLOUGH,
250001127833,SLOUGH,
250001239416,SLOUGH,
250001161066,SLOUGH,
250001240949,SLOUGH,
250001183795,SLOUGH,
250001238814,SLOUGH,
250001197434,SLOUGH,
250001250399,SLOUGH,
250001189800,SLOUGH,
250001170987,SLOUGH,
250001257631,SLOUGH,
250001263664,SLOUGH,
250001162475,SLOUGH,
250001183679,SLOUGH,
250001200981,SLOUGH,
250001159894,SLOUGH,
250001181316,SLOUGH,
250001217930,SLOUGH,
250001252395,SLOUGH,
250001194039,SLOUGH,
250001261126,SLOUGH,
250001184032,SLOUGH,
250001212320,SLOUGH,
250001174445,SLOUGH,
250001164422,SLOUGH,
250001188560,SLOUGH,
250001155660,SLOUGH,
250001245078,SLOUGH,
250001199687,SLOUGH,
250001144000,SLOUGH,
250001165998,SLOUGH,
250001160235,SLOUGH,
250001160972,SLOUGH,
250001255893,SLOUGH,
250001249672,SLOUGH,
250001167855,SLOUGH,
250001221466,SLOUGH,
250001157734,SLOUGH,
250001165380,SLOUGH,
250001261012,SLOUGH,
250001207520,SLOUGH,
250001206541,SLOUGH,
250001156972,SLOUGH,
250001148639,SLOUGH,
250001266930,SLOUGH,
250001179985,SLOUGH,
250001182643,SLOUGH,
250001136652,SLOUGH,
250001209952,SLOUGH,
250001161554,SLOUGH,
250001214923,SLOUGH,
250001148126,SLOUGH,
250001186810,SLOUGH,
250001246567,SLOUGH,
250001216034,SLOUGH,
250001207527,SLOUGH,
250001118573,SLOUGH,
250001119930,SLOUGH,
250001254503,SLOUGH,
250001232102,SLOUGH,
250001126698,SLOUGH,
250001167974,SLOUGH,
250001258751,SLOUGH,
250001250552,SLOUGH,
250001148056,SLOUGH,
250001134877,SLOUGH,
250001175083,SLOUGH,
250001222099,SLOUGH,
250001190939,SLOUGH,
250001241218,SLOUGH,
250001151749,SLOUGH,
250001160911,SLOUGH,
250001257577,SLOUGH,
250001246239,SLOUGH,
250001115617,SLOUGH,
250001160971,SLOUGH,
250001132863,SLOUGH,
250001209852,SLOUGH,
250001196001,SLOUGH,
250001183828,SLOUGH,
250001144307,SLOUGH,
250001201512,SLOUGH,
250001155601,SLOUGH,
250001164641,SLOUGH,
250001113208,SLOUGH,
250001228641,SLOUGH,
250001220270,SLOUGH,
250001137704,SLOUGH,
250001247113,SLOUGH,
250001231793,SLOUGH,
250001228679,SLOUGH,
250001140114,SLOUGH,
250001126938,SLOUGH,
250001262501,SLOUGH,
250001240625,SLOUGH,
250001188459,SLOUGH,
250001123458,SLOUGH,
250001187506,SLOUGH,
250001122948,SLOUGH,
250001196261,SLOUGH,
250001237304,SLOUGH,
250001268211,SLOUGH,
250001235033,SLOUGH,
250001258493,SLOUGH,
250001118043,SLOUGH,
250001162646,SLOUGH,
250001160327,SLOUGH,
250001204639,SLOUGH,
250001162960,SLOUGH,
250001183228,SLOUGH,
250001120263,SLOUGH,
250001224167,SLOUGH,
250001245743,SLOUGH,
250001199928,SLOUGH,
250001149962,SLOUGH,
250001222319,SLOUGH,
250001224136,SLOUGH,
250001203844,SLOUGH,
250001212955,SLOUGH,
250001144691,SLOUGH,
250001123778,SLOUGH,
250001115193,SLOUGH,
250001156851,SLOUGH,
250001172981,SLOUGH,
250001231148,SLOUGH,
250001113787,SLOUGH,
250001264557,SLOUGH,
250001243556,SLOUGH,
250001243714,SLOUGH,
250001155001,SLOUGH,
250001227223,SLOUGH,
250001183670,SLOUGH,
250001172348,SLOUGH,
250001129807,SLOUGH,
250001244011,SLOUGH,
250001160507,SLOUGH,
250001122397,SLOUGH,
250001199044,SLOUGH,
250001142069,SLOUGH,
250001253762,SLOUGH,
250001134212,SLOUGH,
250001222676,SLOUGH,
250001209933,SLOUGH,
250001148504,SLOUGH,
250001240079,SLOUGH,
250001136047,SLOUGH,
250001221808,SLOUGH,
250001138372,SLOUGH,
250001248609,SLOUGH,
250001166913,SLOUGH,
250001231282,SLOUGH,
250001249912,SLOUGH,
250001200556,SLOUGH,
250001264903,SLOUGH,
250001144215,SLOUGH,
250001172493,SLOUGH,
250001169067,SLOUGH,
250001140300,SLOUGH,
250001206634,SLOUGH,
250001147540,SLOUGH,
250001239574,SLOUGH,
250001215138,SLOUGH,
250001116704,SLOUGH,
250001257703,SLOUGH,
250001223093,SLOUGH,
250001207697,SLOUGH,
250001218122,SLOUGH,
250001146981,SLOUGH,
250001166246,SLOUGH,
250001160012,SLOUGH,
250001216737,SLOUGH,
250001139643,SLOUGH,
250001159656,SLOUGH,
250001157552,SLOUGH,
250001236666,SLOUGH,
250001184220,SLOUGH,
250001129652,SLOUGH,
250001209112,SLOUGH,
250001112990,SLOUGH,
250001170664,SLOUGH,
250001188348,SLOUGH,
250001208808,SLOUGH,
250001240980,SLOUGH,
250001197664,SLOUGH,
250001194794,SLOUGH,
250001247791,SLOUGH,
250001252223,SLOUGH,
250001203713,SLOUGH,
250001237739,SLOUGH,
250001170019,SLOUGH,
250001199314,SLOUGH,
250001251700,SLOUGH,
250001163048,SLOUGH,
250001131603,SLOUGH,
250001260194,SLOUGH,
250001131852,SLOUGH,
250001266041,SLOUGH,
250001191051,SLOUGH,
250001120488,SLOUGH,
250001201286,SLOUGH,
250001155259,SLOUGH,
250001114643,SLOUGH,
250001166848,SLOUGH,
250001247636,SLOUGH,
250001125305,SLOUGH,
250001250128,SLOUGH,
250001241495,SLOUGH,
250001249699,SLOUGH,
250001152349,SLOUGH,
250001223876,SLOUGH,
250001221745,SLOUGH,
250001263291,SLOUGH,
250001249530,SLOUGH,
250001192122,SLOUGH,
250001185833,SLOUGH,
250001223492,SLOUGH,
250001197267,SLOUGH,
250001247630,SLOUGH,
250001225712,SLOUGH,
250001249100,SLOUGH,
250001173631,SLOUGH,
250001169554,SLOUGH,
250001129246,SLOUGH,
250001123940,SLOUGH,
250001203736,SLOUGH,
250001230432,SLOUGH,
250001207272,SLOUGH,
250001226049,SLOUGH,
250001179541,SLOUGH,
250001168062,SLOUGH,
250001124351,SLOUGH,
250001182191,SLOUGH,
250001130617,SLOUGH,
250001266551,SLOUGH,
250001254191,SLOUGH,
250001202637,SLOUGH,
250001227645,SLOUGH,
250001249104,SLOUGH,
250001172821,SLOUGH,
250001116021,SLOUGH,
250001172640,SLOUGH,
250001137350,SLOUGH,
250001179321,SLOUGH,
250001253119,SLOUGH,
250001222035,SLOUGH,
250001122525,SLOUGH,
250001161190,SLOUGH,
250001186674,SLOUGH,
250001179963,SLOUGH,
250001152157,SLOUGH,
250001200118,SLOUGH,
250001251453,SLOUGH,
250001130876,SLOUGH,
250001172665,SLOUGH,
250001267744,SLOUGH,
250001199134,SLOUGH,
250001145596,SLOUGH,
250001204721,SLOUGH,
250001185834,SLOUGH,
250001136593,SLOUGH,
250001139803,SLOUGH,
250001207040,SLOUGH,
250001202090,SLOUGH,
250001186836,SLOUGH,
250001226509,SLOUGH,
250001215125,SLOUGH,
250001122561,SLOUGH,
250001191246,SLOUGH,
250001180213,SLOUGH,
250001238147,SLOUGH,
250001129103,SLOUGH,
250001153214,SLOUGH,
250001152147,SLOUGH,
250001215849,SLOUGH,
250001172345,SLOUGH,
250001137855,SLOUGH,
250001132607,SLOUGH,
250001114194,SLOUGH,
250001207654,SLOUGH,
250001197585,SLOUGH,
250001167461,SLOUGH,
250001211457,SLOUGH,
250001196874,SLOUGH,
250001157391,SLOUGH,
250001219346,SLOUGH,
250001174131,SLOUGH,
250001220335,SLOUGH,
250001192860,SLOUGH,
250001146529,SLOUGH,
250001264284,SLOUGH,
250001256171,SLOUGH,
250001205982,SLOUGH,
250001236226,SLOUGH,
250001175652,SLOUGH,
250001196839,SLOUGH,
250001174250,SLOUGH,
250001232428,SLOUGH,
250001151215,SLOUGH,
250001177221,SLOUGH,
250001164403,SLOUGH,
250001216015,SLOUGH,
250001171551,SLOUGH,
250001144001,SLOUGH,
250001203684,SLOUGH,
250001150406,SLOUGH,
250001123855,SLOUGH,
250001143843,SLOUGH,
250001158351,SLOUGH,
250001251853,SLOUGH,
250001119716,SLOUGH,
250001199430,SLOUGH,
250001180524,SLOUGH,
250001207399,SLOUGH,
250001121661,SLOUGH,
250001251427,SLOUGH,
250001156441,SLOUGH,
250001218223,SLOUGH,
250001194683,SLOUGH,
250001195154,SLOUGH,
250001114827,SLOUGH,
250001151625,SLOUGH,
250001138675,SLOUGH,
250001177544,SLOUGH,
250001164131,SLOUGH,
250001146531,SLOUGH,
250001190159,SLOUGH,
250001259903,SLOUGH,
250001196699,SLOUGH,
250001205880,SLOUGH,
250001200257,SLOUGH,
250001257943,SLOUGH,
250001205655,SLOUGH,
250001133928,SLOUGH,
250001180874,SLOUGH,
250001195554,SLOUGH,
250001168228,SLOUGH,
250001196312,SLOUGH,
250001202789,SLOUGH,
250001180752,SLOUGH,
250001236270,SLOUGH,
250001232263,SLOUGH,
250001173632,SLOUGH,
250001200819,SLOUGH,
250001195318,SLOUGH,
250001164447,SLOUGH,
250001219450,SLOUGH,
250001147031,SLOUGH,
250001140956,SLOUGH,
250001128810,SLOUGH,
250001143323,SLOUGH,
250001211668,SLOUGH,
250001122344,SLOUGH,
250001263791,SLOUGH,
250001239381,SLOUGH,
250001156714,SLOUGH,
250001155803,SLOUGH,
250001152218,SLOUGH,
250001215413,SLOUGH,
250001195541,SLOUGH,
250001255587,SLOUGH,
250001234298,SLOUGH,
250001128257,SLOUGH,
250001201992,SLOUGH,
250001138371,SLOUGH,
250001258314,SLOUGH,
250001216631,SLOUGH,
250001177457,SLOUGH,
250001144002,SLOUGH,
250001244056,SLOUGH,
250001204020,SLOUGH,
250001243518,SLOUGH,
250001116745,SLOUGH,
250001194211,SLOUGH,
250001124723,SLOUGH,
250001184635,SLOUGH,
250001121589,SLOUGH,
250001213425,SLOUGH,
250001132087,SLOUGH,
250001117195,SLOUGH,
250001269539,SLOUGH,
250001195951,SLOUGH,
250001199821,SLOUGH,
250001162881,SLOUGH,
250001132394,SLOUGH,
250001266205,SLOUGH,
250001215851,SLOUGH,
250001184990,SLOUGH,
250001180741,SLOUGH,
250001188724,SLOUGH,
250001209171,SLOUGH,
250001144606,SLOUGH,
250001191450,SLOUGH,
250001243673,SLOUGH,
250001160668,SLOUGH,
250001203126,SLOUGH,
250001200354,SLOUGH,
250001161960,SLOUGH,
250001254223,SLOUGH,
250001232119,SLOUGH,
250001202346,SLOUGH,
250001262183,SLOUGH,
250001178546,SLOUGH,
250001144452,SLOUGH,
250001232754,SLOUGH,
250001172141,SLOUGH,
250001170217,SLOUGH,
250001154291,SLOUGH,
250001256805,SLOUGH,
250001173633,SLOUGH,
250001228452,SLOUGH,
250001226485,SLOUGH,
250001241609,SLOUGH,
250001119777,SLOUGH,
250001144064,SLOUGH,
250001125770,SLOUGH,
250001138133,SLOUGH,
250001227233,SLOUGH,
250001114021,SLOUGH,
250001117571,SLOUGH,
250001112572,SLOUGH,
250001196771,SLOUGH,
250001194682,SLOUGH,
250001210133,SLOUGH,
250001132641,SLOUGH,
250001267673,SLOUGH,
250001191976,SLOUGH,
250001235877,SLOUGH,
250001239939,SLOUGH,
250001215901,SLOUGH,
250001173463,SLOUGH,
250001247527,SLOUGH,
250001224555,SLOUGH,
250001203887,SLOUGH,
250001134032,SLOUGH,
250001242775,SLOUGH,
250001220077,SLOUGH,
250001190167,SLOUGH,
250001131020,SLOUGH,
250001200839,SLOUGH,
250001152005,SLOUGH,
250001236012,SLOUGH,
250001267074,SLOUGH,
250001129466,SLOUGH,
250001151556,SLOUGH,
250001160285,SLOUGH,
250001126388,SLOUGH,
250001267257,SLOUGH,
250001206229,SLOUGH,
250001135194,SLOUGH,
250001234368,SLOUGH,
250001184183,SLOUGH,
250001154938,SLOUGH,
250001234110,SLOUGH,
250001196877,SLOUGH,
250001174258,SLOUGH,
250001130729,SLOUGH,
250001243640,SLOUGH,
250001178359,SLOUGH,
250001235343,SLOUGH,
250001121045,SLOUGH,
250001203886,SLOUGH,
250001124674,SLOUGH,
250001166151,SLOUGH,
250001156716,SLOUGH,
250001209377,SLOUGH,
250001233454,SLOUGH,
250001170224,SLOUGH,
250001161979,SLOUGH,
250001153549,SLOUGH,
250001167275,SLOUGH,
250001122709,SLOUGH,
250001256453,SLOUGH,
250001173350,SLOUGH,
250001180040,SLOUGH,
250001128643,SLOUGH,
250001163148,SLOUGH,
250001262022,SLOUGH,
250001266568,SLOUGH,
250001156750,SLOUGH,
250001139713,SLOUGH,
250001155438,SLOUGH,
250001246455,SLOUGH,
250001235507,SLOUGH,
250001165084,SLOUGH,
250001175130,SLOUGH,
250001242018,SLOUGH,
250001230692,SLOUGH,
250001158081,SLOUGH,
250001155994,SLOUGH,
250001159394,SLOUGH,
250001243537,SLOUGH,
250001212930,SLOUGH,
250001240947,SLOUGH,
250001130750,SLOUGH,
250001113529,SLOUGH,
250001224563,SLOUGH,
250001164401,SLOUGH,
250001229965,SLOUGH,
250001160792,SLOUGH,
250001116244,SLOUGH,
250001257175,SLOUGH,
250001250127,SLOUGH,
250001224745,SLOUGH,
250001244973,SLOUGH,
250001213197,SLOUGH,
250001241348,SLOUGH,
250001207270,SLOUGH,
250001192907,SLOUGH,
250001121292,SLOUGH,
250001183971,SLOUGH,
250001184113,SLOUGH,
250001177555,SLOUGH,
250001247274,SLOUGH,
250001139666,SLOUGH,
250001205027,SLOUGH,
250001162555,SLOUGH,
250001250417,SLOUGH,
250001136596,SLOUGH,
250001153270,SLOUGH,
250001176743,SLOUGH,
250001120791,SLOUGH,
250001152639,SLOUGH,
250001249468,SLOUGH,
250001201855,SLOUGH,
250001153258,SLOUGH,
250001135210,SLOUGH,
250001170957,SLOUGH,
250001150161,SLOUGH,
250001254226,SLOUGH,
250001207762,SLOUGH,
250001232618,SLOUGH,
250001179976,SLOUGH,
250001247909,SLOUGH,
250001198783,SLOUGH,
250001197432,SLOUGH,
250001132887,SLOUGH,
250001251208,SLOUGH,
250001146718,SLOUGH,
250001179704,SLOUGH,
250001260710,SLOUGH,
250001247549,SLOUGH,
250001182879,SLOUGH,
250001205383,SLOUGH,
250001215979,SLOUGH,
250001147265,SLOUGH,
250001205627,SLOUGH,
250001245231,SLOUGH,
250001231027,SLOUGH,
250001228810,SLOUGH,
250001208094,SLOUGH,
250001204240,SLOUGH,
250001230659,SLOUGH,
250001247313,SLOUGH,
250001218649,SLOUGH,
250001238679,SLOUGH,
250001145816,SLOUGH,
250001207193,SLOUGH,
250001140813,SLOUGH,
250001206355,SLOUGH,
250001156140,SLOUGH,
250001133449,SLOUGH,
250001211672,SLOUGH,
250001223220,SLOUGH,
250001132233,SLOUGH,
250001264200,SLOUGH,
250001136157,SLOUGH,
250001164099,SLOUGH,
250001204235,SLOUGH,
250001172300,SLOUGH,
250001255872,SLOUGH,
250001193909,SLOUGH,
250001181284,SLOUGH,
250001235609,SLOUGH,
250001218931,SLOUGH,
250001174130,SLOUGH,
250001166748,SLOUGH,
250001127201,SLOUGH,
250001232394,SLOUGH,
250001264406,SLOUGH,
250001226263,SLOUGH,
250001219631,SLOUGH,
250001206963,SLOUGH,
250001180470,SLOUGH,
250001179088,SLOUGH,
250001170038,SLOUGH,
250001264506,SLOUGH,
250001262284,SLOUGH,
250001220513,SLOUGH,
250001201676,SLOUGH,
250001254913,SLOUGH,
250001233325,SLOUGH,
250001183899,SLOUGH,
250001146805,SLOUGH,
250001255161,SLOUGH,
250001165340,SLOUGH,
250001174434,SLOUGH,
250001223007,SLOUGH,
250001113345,SLOUGH,
250001148597,SLOUGH,
250001198889,SLOUGH,
250001187463,SLOUGH,
250001160942,SLOUGH,
250001253224,SLOUGH,
250001170075,SLOUGH,
250001237071,SLOUGH,
250001225946,SLOUGH,
250001190491,SLOUGH,
250001131356,SLOUGH,
250001171627,SLOUGH,
250001259954,SLOUGH,
250001195155,SLOUGH,
250001144141,SLOUGH,
250001268266,SLOUGH,
250001175974,SLOUGH,
250001158794,SLOUGH,
250001135449,SLOUGH,
250001234204,SLOUGH,
250001221252,SLOUGH,
250001220881,SLOUGH,
250001183379,SLOUGH,
250001214392,SLOUGH,
250001160665,SLOUGH,
250001157222,SLOUGH,
250001161921,SLOUGH,
250001176163,SLOUGH,
250001243822,SLOUGH,
250001224906,SLOUGH,
250001240743,SLOUGH,
250001215883,SLOUGH,
250001142708,SLOUGH,
250001126008,SLOUGH,
250001188077,SLOUGH,
250001166077,SLOUGH,
250001224252,SLOUGH,
250001161200,SLOUGH,
250001187656,SLOUGH,
250001148459,SLOUGH,
250001207552,SLOUGH,
250001259530,SLOUGH,
250001232565,SLOUGH,
250001155237,SLOUGH,
250001130256,SLOUGH,
250001149990,SLOUGH,
250001258411,SLOUGH,
250001203049,SLOUGH,
250001124754,SLOUGH,
250001265578,SLOUGH,
250001183458,SLOUGH,
250001220430,SLOUGH,
250001132616,SLOUGH,
250001198290,SLOUGH,
250001164344,SLOUGH,
250001153542,SLOUGH,
250001135486,SLOUGH,
250001237799,SLOUGH,
250001218093,SLOUGH,
250001178898,SLOUGH,
250001124183,SLOUGH,
250001232292,SLOUGH,
250001153254,SLOUGH,
250001188755,SLOUGH,
250001161418,SLOUGH,
250001248061,SLOUGH,
250001255946,SLOUGH,
250001230706,SLOUGH,
250001163958,SLOUGH,
250001150776,SLOUGH,
250001208862,SLOUGH,
250001204239,SLOUGH,
250001138321,SLOUGH,
250001203953,SLOUGH,
250001169510,SLOUGH,
250001235106,SLOUGH,
250001226464,SLOUGH,
250001122834,SLOUGH,
250001207783,SLOUGH,
250001188513,SLOUGH,
250001169340,SLOUGH,
250001199814,SLOUGH,
250001156865,SLOUGH,
250001153041,SLOUGH,
250001261658,SLOUGH,
250001253104,SLOUGH,
250001237570,SLOUGH,
250001256470,SLOUGH,
250001155439,SLOUGH,
250001201271,SLOUGH,
250001261100,SLOUGH,
250001136337,SLOUGH,
250001127314,SLOUGH,
250001264258,SLOUGH,
250001144566,SLOUGH,
250001245079,SLOUGH,
250001151337,SLOUGH,
250001151300,SLOUGH,
250001250336,SLOUGH,
250001124721,SLOUGH,
250001199837,SLOUGH,
250001249022,SLOUGH,
250001246868,SLOUGH,
250001135897,SLOUGH,
250001186715,SLOUGH,
250001205399,SLOUGH,
250001210084,SLOUGH,
250001127436,SLOUGH,
250001259519,SLOUGH,
250001227914,SLOUGH,
250001149704,SLOUGH,
250001119361,SLOUGH,
250001198287,SLOUGH,
250001197671,SLOUGH,
250001250340,SLOUGH,
250001161205,SLOUGH,
250001158425,SLOUGH,
250001174579,SLOUGH,
250001227978,SLOUGH,
250001226953,SLOUGH,
250001215457,SLOUGH,
250001118246,SLOUGH,
250001168162,SLOUGH,
250001250235,SLOUGH,
250001171712,SLOUGH,
250001146722,SLOUGH,
250001224157,SLOUGH,
250001259859,SLOUGH,
250001177644,SLOUGH,
250001235814,SLOUGH,
250001227695,SLOUGH,
250001225873,SLOUGH,
250001130004,SLOUGH,
250001228510,SLOUGH,
250001198400,SLOUGH,
250001139939,SLOUGH,
250001181812,SLOUGH,
250001261707,SLOUGH,
250001255882,SLOUGH,
250001211889,SLOUGH,
250001168199,SLOUGH,
250001195424,SLOUGH,
250001269440,SLOUGH,
250001204812,SLOUGH,
250001134772,SLOUGH,
250001210095,SLOUGH,
250001254895,SLOUGH,
250001193876,SLOUGH,
250001149720,SLOUGH,
250001152394,SLOUGH,
250001151312,SLOUGH,
250001178382,SLOUGH,
250001259697,SLOUGH,
250001219712,SLOUGH,
250001257389,SLOUGH,
250001253014,SLOUGH,
250001207838,SLOUGH,
250001176744,SLOUGH,
250001201839,SLOUGH,
250001233640,SLOUGH,
250001193644,SLOUGH,
250001125423,SLOUGH,
250001250277,SLOUGH,
250001166892,SLOUGH,
250001161908,SLOUGH,
250001192909,SLOUGH,
250001134351,SLOUGH,
250001172181,SLOUGH,
250001199494,SLOUGH,
250001234940,SLOUGH,
250001112663,SLOUGH,
250001203843,SLOUGH,
250001212892,SLOUGH,
250001118553,SLOUGH,
250001208114,SLOUGH,
250001144653,SLOUGH,
250001160495,SLOUGH,
250001141981,SLOUGH,
250001132752,SLOUGH,
250001254102,SLOUGH,
250001198349,SLOUGH,
250001193658,SLOUGH,
250001233531,SLOUGH,
250001123068,SLOUGH,
250001168426,SLOUGH,
250001208970,SLOUGH,
250001242419,SLOUGH,
250001258454,SLOUGH,
250001138687,SLOUGH,
250001245867,SLOUGH,
250001263570,SLOUGH,
250001181645,SLOUGH,
250001238113,SLOUGH,
250001226405,SLOUGH,
250001248444,SLOUGH,
250001131222,SLOUGH,
250001121591,SLOUGH,
250001265254,SLOUGH,
250001207106,SLOUGH,
250001134227,SLOUGH,
250001195970,SLOUGH,
250001182894,SLOUGH,
250001255645,SLOUGH,
250001228753,SLOUGH,
250001229804,SLOUGH,
250001195218,SLOUGH,
250001196024,SLOUGH,
250001180629,SLOUGH,
250001115312,SLOUGH,
250001212151,SLOUGH,
250001238098,SLOUGH,
250001115727,SLOUGH,
250001230376,SLOUGH,
250001160485,SLOUGH,
250001198183,SLOUGH,
250001120678,SLOUGH,
250001173671,SLOUGH,
250001209502,SLOUGH,
250001239832,SLOUGH,
250001178891,SLOUGH,
250001147820,SLOUGH,
250001176215,SLOUGH,
250001116215,SLOUGH,
250001222811,SLOUGH,
250001191662,SLOUGH,
250001188765,SLOUGH,
250001129126,SLOUGH,
250001225996,SLOUGH,
250001267569,SLOUGH,
250001158736,SLOUGH,
250001141075,SLOUGH,
250001162659,SLOUGH,
250001115770,SLOUGH,
250001239727,SLOUGH,
250001235247,SLOUGH,
250001227665,SLOUGH,
250001211881,SLOUGH,
250001180637,SLOUGH,
250001244928,SLOUGH,
250001259462,SLOUGH,
250001201985,SLOUGH,
250001116060,SLOUGH,
250001261220,SLOUGH,
250001128327,SLOUGH,
250001259896,SLOUGH,
250001216099,SLOUGH,
250001162848,SLOUGH,
250001252389,SLOUGH,
250001162973,SLOUGH,
250001228082,SLOUGH,
250001129307,SLOUGH,
250001205631,SLOUGH,
250001240000,SLOUGH,
250001140635,SLOUGH,
250001228227,SLOUGH,
250001168952,SLOUGH,
250001198992,SLOUGH,
250001156558,SLOUGH,
250001197826,SLOUGH,
250001116246,SLOUGH,
250001232879,SLOUGH,
250001128328,SLOUGH,
250001227138,SLOUGH,
250001221459,SLOUGH,
250001222123,SLOUGH,
250001198463,SLOUGH,
250001186683,SLOUGH,
250001210097,SLOUGH,
250001251314,SLOUGH,
250001185723,SLOUGH,
250001209855,SLOUGH,
250001229964,SLOUGH,
250001218951,SLOUGH,
250001232019,SLOUGH,
250001181198,SLOUGH,
250001145540,SLOUGH,
250001225309,SLOUGH,
250001191048,SLOUGH,
250001113263,SLOUGH,
250001265808,SLOUGH,
250001259988,SLOUGH,
250001210130,SLOUGH,
250001227785,SLOUGH,
250001148613,SLOUGH,
250001123011,SLOUGH,
250001233383,SLOUGH,
250001188585,SLOUGH,
250001241377,SLOUGH,
250001262852,SLOUGH,
250001121924,SLOUGH,
250001222694,SLOUGH,
250001112639,SLOUGH,
250001266156,SLOUGH,
250001222321,SLOUGH,
250001212101,SLOUGH,
250001183879,SLOUGH,
250001145267,SLOUGH,
250001155455,SLOUGH,
250001112821,SLOUGH,
250001206669,SLOUGH,
250001132088,SLOUGH,
250001156432,SLOUGH,
250001208016,SLOUGH,
250001267635,SLOUGH,
250001251727,SLOUGH,
250001239116,SLOUGH,
250001144118,SLOUGH,
250001135188,SLOUGH,
250001247526,SLOUGH,
250001151527,SLOUGH,
250001267464,SLOUGH,
250001176217,SLOUGH,
250001240510,SLOUGH,
250001254306,SLOUGH,
250001246434,SLOUGH,
250001248367,SLOUGH,
250001176807,SLOUGH,
250001115286,SLOUGH,
250001132593,SLOUGH,
250001211311,SLOUGH,
250001227216,SLOUGH,
250001198286,SLOUGH,
250001187508,SLOUGH,
250001144299,SLOUGH,
250001198893,SLOUGH,
250001147157,SLOUGH,
250001143356,SLOUGH,
250001172053,SLOUGH,
250001223308,SLOUGH,
250001197393,SLOUGH,
250001252365,SLOUGH,
250001264320,SLOUGH,
250001210925,SLOUGH,
250001155083,SLOUGH,
250001187321,SLOUGH,
250001235400,SLOUGH,
250001183218,SLOUGH,
250001211177,SLOUGH,
250001144004,SLOUGH,
250001205672,SLOUGH,
250001229656,SLOUGH,
250001136303,SLOUGH,
250001129726,SLOUGH,
250001259787,SLOUGH,
250001154990,SLOUGH,
250001132943,SLOUGH,
250001120542,SLOUGH,
250001211790,SLOUGH,
250001159863,SLOUGH,
250001256001,SLOUGH,
250001232209,SLOUGH,
250001153269,SLOUGH,
250001232211,SLOUGH,
250001179512,SLOUGH,
250001201513,SLOUGH,
250001213323,SLOUGH,
250001116780,SLOUGH,
250001139943,SLOUGH,
250001125294,SLOUGH,
250001134248,SLOUGH,
250001256872,SLOUGH,
250001116520,SLOUGH,
250001243660,SLOUGH,
250001266550,SLOUGH,
250001170956,SLOUGH,
250001258824,SLOUGH,
250001244061,SLOUGH,
250001231489,SLOUGH,
250001128462,SLOUGH,
250001254019,SLOUGH,
250001242567,SLOUGH,
250001260807,SLOUGH,
250001187074,SLOUGH,
250001131746,SLOUGH,
250001267506,SLOUGH,
250001237489,SLOUGH,
250001227472,SLOUGH,
250001161691,SLOUGH,
250001251766,SLOUGH,
250001166664,SLOUGH,
250001262576,SLOUGH,
250001155517,SLOUGH,
250001113853,SLOUGH,
250001232121,SLOUGH,
250001177186,SLOUGH,
250001250936,SLOUGH,
250001201857,SLOUGH,
250001213603,SLOUGH,
250001263522,SLOUGH,
250001257194,SLOUGH,
250001203679,SLOUGH,
250001228642,SLOUGH,
250001168195,SLOUGH,
250001210158,SLOUGH,
250001166104,SLOUGH,
250001179841,SLOUGH,
250001160721,SLOUGH,
250001260186,SLOUGH,
250001232592,SLOUGH,
250001163059,SLOUGH,
250001129344,SLOUGH,
250001140053,SLOUGH,
250001150780,SLOUGH,
250001125321,SLOUGH,
250001113402,SLOUGH,
250001177201,SLOUGH,
250001149759,SLOUGH,
250001207021,SLOUGH,
250001182631,SLOUGH,
250001265192,SLOUGH,
250001228237,SLOUGH,
250001264583,SLOUGH,
250001179055,SLOUGH,
250001220293,SLOUGH,
250001164402,SLOUGH,
250001136257,SLOUGH,
250001188350,SLOUGH,
250001179435,SLOUGH,
250001217830,SLOUGH,
250001141300,SLOUGH,
250001135105,SLOUGH,
250001263080,SLOUGH,
250001162113,SLOUGH,
250001199549,SLOUGH,
250001156579,SLOUGH,
250001112801,SLOUGH,
250001209104,SLOUGH,
250001141283,SLOUGH,
250001123344,SLOUGH,
250001219889,SLOUGH,
250001150565,SLOUGH,
250001267329,SLOUGH,
250001224692,SLOUGH,
250001266413,SLOUGH,
250001266748,SLOUGH,
250001158581,SLOUGH,
250001112580,SLOUGH,
250001232018,SLOUGH,
250001225055,SLOUGH,
250001190335,SLOUGH,
250001143138,SLOUGH,
250001253972,SLOUGH,
250001226012,SLOUGH,
250001163109,SLOUGH,
250001176770,SLOUGH,
250001139915,SLOUGH,
250001135321,SLOUGH,
250001147381,SLOUGH,
250001259290,SLOUGH,
250001112578,SLOUGH,
250001256806,SLOUGH,
250001263779,SLOUGH,
250001119447,SLOUGH,
250001254893,SLOUGH,
250001211875,SLOUGH,
250001247999,SLOUGH,
250001163799,SLOUGH,
250001115744,SLOUGH,
250001188637,SLOUGH,
250001254595,SLOUGH,
250001235256,SLOUGH,
250001134655,SLOUGH,
250001134182,SLOUGH,
250001220271,SLOUGH,
250001267134,SLOUGH,
250001174560,SLOUGH,
250001152461,SLOUGH,
250001112450,SLOUGH,
250001175204,SLOUGH,
250001217937,SLOUGH,
250001128120,SLOUGH,
250001166236,SLOUGH,
250001168192,SLOUGH,
250001140311,SLOUGH,
250001239421,SLOUGH,
250001199469,SLOUGH,
250001260060,SLOUGH,
250001236664,SLOUGH,
250001259574,SLOUGH,
250001255599,SLOUGH,
250001131662,SLOUGH,
250001169351,SLOUGH,
250001141315,SLOUGH,
250001166289,SLOUGH,
250001119627,SLOUGH,
250001226641,SLOUGH,
250001152938,SLOUGH,
250001193443,SLOUGH,
250001123784,SLOUGH,
250001245015,SLOUGH,
250001198485,SLOUGH,
250001128439,SLOUGH,
250001180580,SLOUGH,
250001247859,SLOUGH,
250001192919,SLOUGH,
250001146241,SLOUGH,
250001179383,SLOUGH,
250001140216,SLOUGH,
250001231123,SLOUGH,
250001240028,SLOUGH,
250001241411,SLOUGH,
250001233711,SLOUGH,
250001200818,SLOUGH,
250001188962,SLOUGH,
250001133472,SLOUGH,
250001259533,SLOUGH,
250001240902,SLOUGH,
250001264240,SLOUGH,
250001176009,SLOUGH,
250001243027,SLOUGH,
250001164821,SLOUGH,
250001123283,SLOUGH,
250001164648,SLOUGH,
250001191425,SLOUGH,
250001262828,SLOUGH,
250001180836,SLOUGH,
250001212328,SLOUGH,
250001166108,SLOUGH,
250001234034,SLOUGH,
250001239555,SLOUGH,
250001195157,SLOUGH,
250001198404,SLOUGH,
250001174655,SLOUGH,
250001136742,SLOUGH,
250001151590,SLOUGH,
250001185049,SLOUGH,
250001219988,SLOUGH,
250001229909,SLOUGH,
250001140231,SLOUGH,
250001245258,SLOUGH,
250001166040,SLOUGH,
250001137181,SLOUGH,
250001115246,SLOUGH,
250001180151,SLOUGH,
250001185648,SLOUGH,
250001178361,SLOUGH,
250001148029,SLOUGH,
250001125669,SLOUGH,
250001199778,SLOUGH,
250001259846,SLOUGH,
250001214275,SLOUGH,
250001168215,SLOUGH,
250001179163,SLOUGH,
250001252600,SLOUGH,
250001235678,SLOUGH,
250001222132,SLOUGH,
250001248368,SLOUGH,
250001143919,SLOUGH,
250001215653,SLOUGH,
250001169459,SLOUGH,
250001258950,SLOUGH,
250001126261,SLOUGH,
250001250040,SLOUGH,
250001208022,SLOUGH,
250001168827,SLOUGH,
250001198802,SLOUGH,
250001223771,SLOUGH,
250001247814,SLOUGH,
250001231734,SLOUGH,
250001253961,SLOUGH,
250001215929,SLOUGH,
250001264752,SLOUGH,
250001262095,SLOUGH,
250001169421,SLOUGH,
250001188335,SLOUGH,
250001242050,SLOUGH,
250001208373,SLOUGH,
250001175146,SLOUGH,
250001155285,SLOUGH,
250001255171,SLOUGH,
250001172026,SLOUGH,
250001126148,SLOUGH,
250001218215,SLOUGH,
250001146631,SLOUGH,
250001137106,SLOUGH,
250001251944,SLOUGH,
250001221869,SLOUGH,
250001213931,SLOUGH,
250001246870,SLOUGH,
250001236760,SLOUGH,
250001248636,SLOUGH,
250001162594,SLOUGH,
250001234606,SLOUGH,
250001199323,SLOUGH,
250001206553,SLOUGH,
250001266107,SLOUGH,
250001178598,SLOUGH,
250001259307,SLOUGH,
250001164750,SLOUGH,
250001256378,SLOUGH,
250001246295,SLOUGH,
250001221456,SLOUGH,
250001241926,SLOUGH,
250001178718,SLOUGH,
250001220543,SLOUGH,
250001219309,SLOUGH,
250001182973,SLOUGH,
250001180294,SLOUGH,
250001133048,SLOUGH,
250001113315,SLOUGH,
250001229358,SLOUGH,
250001243924,SLOUGH,
250001136464,SLOUGH,
250001128596,SLOUGH,
250001209238,SLOUGH,
250001220834,SLOUGH,
250001155914,SLOUGH,
250001263468,SLOUGH,
250001215224,SLOUGH,
250001193163,SLOUGH,
250001254672,SLOUGH,
250001151521,SLOUGH,
250001154329,SLOUGH,
250001245545,SLOUGH,
250001224073,SLOUGH,
250001163281,SLOUGH,
250001203520,SLOUGH,
250001116388,SLOUGH,
250001112501,SLOUGH,
250001216293,SLOUGH,
250001120824,SLOUGH,
250001117978,SLOUGH,
250001264708,SLOUGH,
250001205514,SLOUGH,
250001148065,SLOUGH,
250001225688,SLOUGH,
250001254658,SLOUGH,
250001192977,SLOUGH,
250001121470,SLOUGH,
250001220920,SLOUGH,
250001191977,SLOUGH,
250001243600,SLOUGH,
250001164388,SLOUGH,
250001131097,SLOUGH,
250001121902,SLOUGH,
250001164266,SLOUGH,
250001220586,SLOUGH,
250001267742,SLOUGH,
250001213627,SLOUGH,
250001144388,SLOUGH,
250001131378,SLOUGH,
250001243552,SLOUGH,
250001144310,SLOUGH,
250001199434,SLOUGH,
250001257316,SLOUGH,
250001229852,SLOUGH,
250001160402,SLOUGH,
250001218376,SLOUGH,
250001174425,SLOUGH,
250001198652,SLOUGH,
250001192628,SLOUGH,
250001207530,SLOUGH,
250001256371,SLOUGH,
250001172642,SLOUGH,
250001146936,SLOUGH,
250001223190,SLOUGH,
250001168545,SLOUGH,
250001243811,SLOUGH,
250001242624,SLOUGH,
250001211847,SLOUGH,
250001199589,SLOUGH,
250001186888,SLOUGH,
250001173673,SLOUGH,
250001172136,SLOUGH,
250001228198,SLOUGH,
250001146442,SLOUGH,
250001165092,SLOUGH,
250001168900,SLOUGH,
250001224015,SLOUGH,
250001230553,SLOUGH,
250001196176,SLOUGH,
250001139952,SLOUGH,
250001258979,SLOUGH,
250001148362,SLOUGH,
250001210951,SLOUGH,
250001152171,SLOUGH,
250001113533,SLOUGH,
250001168041,SLOUGH,
250001217530,SLOUGH,
250001132885,SLOUGH,
250001117547,SLOUGH,
250001181644,SLOUGH,
250001249613,SLOUGH,
250001194901,SLOUGH,
250001194553,SLOUGH,
250001177724,SLOUGH,
250001234810,SLOUGH,
250001163598,SLOUGH,
250001132198,SLOUGH,
250001262504,SLOUGH,
250001180513,SLOUGH,
250001152371,SLOUGH,
250001197551,SLOUGH,
250001244655,SLOUGH,
250001192960,SLOUGH,
250001155788,SLOUGH,
250001249415,SLOUGH,
250001132380,SLOUGH,
250001260161,SLOUGH,
250001199578,SLOUGH,
250001127242,SLOUGH,
250001120138,SLOUGH,
250001258071,SLOUGH,
250001217609,SLOUGH,
250001262845,SLOUGH,
250001236519,SLOUGH,
250001172536,SLOUGH,
250001196399,SLOUGH,
250001161206,SLOUGH,
250001210446,SLOUGH,
250001175539,SLOUGH,
250001256159,SLOUGH,
250001147898,SLOUGH,
250001242751,SLOUGH,
250001267170,SLOUGH,
250001192034,SLOUGH,
250001264129,SLOUGH,
250001251572,SLOUGH,
250001223990,SLOUGH,
250001224257,SLOUGH,
250001179154,SLOUGH,
250001156632,SLOUGH,
250001113596,SLOUGH,
250001147801,SLOUGH,
250001124362,SLOUGH,
250001242181,SLOUGH,
250001211619,SLOUGH,
250001257672,SLOUGH,
250001124601,SLOUGH,
250001152321,SLOUGH,
250001246884,SLOUGH,
250001193335,SLOUGH,
250001257188,SLOUGH,
250001122947,SLOUGH,
250001127936,SLOUGH,
250001216238,SLOUGH,
250001129727,SLOUGH,
250001239131,SLOUGH,
250001152509,SLOUGH,
250001236067,SLOUGH,
250001121610,SLOUGH,
250001167646,SLOUGH,
250001178885,SLOUGH,
250001117527,SLOUGH,
250001198760,SLOUGH,
250001186000,SLOUGH,
250001228025,SLOUGH,
250001188731,SLOUGH,
250001179569,SLOUGH,
250001137332,SLOUGH,
250001149921,SLOUGH,
250001236880,SLOUGH,
250001222972,SLOUGH,
250001180471,SLOUGH,
250001122747,SLOUGH,
250001131258,SLOUGH,
250001188761,SLOUGH,
250001264076,SLOUGH,
250001173356,SLOUGH,
250001152350,SLOUGH,
250001176236,SLOUGH,
250001258911,SLOUGH,
250001201113,SLOUGH,
250001201112,SLOUGH,
250001176641,SLOUGH,
250001151645,SLOUGH,
250001122345,SLOUGH,
250001247879,SLOUGH,
250001120619,SLOUGH,
250001238354,SLOUGH,
250001143127,SLOUGH,
250001148466,SLOUGH,
250001178515,SLOUGH,
250001215761,SLOUGH,
250001225107,SLOUGH,
250001172911,SLOUGH,
250001237804,SLOUGH,
250001159238,SLOUGH,
250001228857,SLOUGH,
250001161203,SLOUGH,
250001124255,SLOUGH,
250001203833,SLOUGH,
250001166569,SLOUGH,
250001137339,SLOUGH,
250001251365,SLOUGH,
250001198190,SLOUGH,
250001269050,SLOUGH,
250001225622,SLOUGH,
250001260812,SLOUGH,
250001183877,SLOUGH,
250001188270,SLOUGH,
250001125540,SLOUGH,
250001264502,SLOUGH,
250001231992,SLOUGH,
250001125039,SLOUGH,
250001160717,SLOUGH,
250001141537,SLOUGH,
250001113136,SLOUGH,
250001122686,SLOUGH,
250001190235,SLOUGH,
250001140089,SLOUGH,
250001193570,SLOUGH,
250001185032,SLOUGH,
250001148406,SLOUGH,
250001244184,SLOUGH,
250001256540,SLOUGH,
250001236139,SLOUGH,
250001142354,SLOUGH,
250001203680,SLOUGH,
250001189726,SLOUGH,
250001139095,SLOUGH,
250001152716,SLOUGH,
250001266511,SLOUGH,
250001223967,SLOUGH,
250001191642,SLOUGH,
250001114657,SLOUGH,
250001191057,SLOUGH,
250001162613,SLOUGH,
250001143142,SLOUGH,
250001247699,SLOUGH,
250001190201,SLOUGH,
250001126201,SLOUGH,
250001195787,SLOUGH,
250001179583,SLOUGH,
250001157697,SLOUGH,
250001186130,SLOUGH,
250001160617,SLOUGH,
250001208146,SLOUGH,
250001234510,SLOUGH,
250001148376,SLOUGH,
250001199556,SLOUGH,
250001136498,SLOUGH,
250001254721,SLOUGH,
250001117494,SLOUGH,
250001260192,SLOUGH,
250001127954,SLOUGH,
250001244974,SLOUGH,
250001191620,SLOUGH,
250001148062,SLOUGH,
250001210312,SLOUGH,
250001180460,SLOUGH,
250001218659,SLOUGH,
250001149517,SLOUGH,
250001156717,SLOUGH,
250001212189,SLOUGH,
250001218991,SLOUGH,
250001172349,SLOUGH,
250001256748,SLOUGH,
250001114737,SLOUGH,
250001213550,SLOUGH,
250001115629,SLOUGH,
250001214945,SLOUGH,
250001131268,SLOUGH,
250001195876,SLOUGH,
250001118943,SLOUGH,
250001217260,SLOUGH,
250001141454,SLOUGH,
250001160295,SLOUGH,
250001156711,SLOUGH,
250001184451,SLOUGH,
250001257544,SLOUGH,
250001193844,SLOUGH,
250001230245,SLOUGH,
250001152353,SLOUGH,
250001135304,SLOUGH,
250001220286,SLOUGH,
250001185133,SLOUGH,
250001261094,SLOUGH,
250001242558,SLOUGH,
250001192567,SLOUGH,
250001168230,SLOUGH,
250001113340,SLOUGH,
250001259542,SLOUGH,
250001120673,SLOUGH,
250001169081,SLOUGH,
250001226489,SLOUGH,
250001240117,SLOUGH,
250001153672,SLOUGH,
250001143262,SLOUGH,
250001127291,SLOUGH,
250001266559,SLOUGH,
250001168507,SLOUGH,
250001266777,SLOUGH,
250001264027,SLOUGH,
250001176643,SLOUGH,
250001179633,SLOUGH,
250001133607,SLOUGH,
250001168168,SLOUGH,
250001158995,SLOUGH,
250001156585,SLOUGH,
250001243325,SLOUGH,
250001229518,SLOUGH,
250001185376,SLOUGH,
250001164450,SLOUGH,
250001161959,SLOUGH,
250001189373,SLOUGH,
250001171143,SLOUGH,
250001196096,SLOUGH,
250001164647,SLOUGH,
250001135379,SLOUGH,
250001194528,SLOUGH,
250001123418,SLOUGH,
250001241899,SLOUGH,
250001166552,SLOUGH,
250001117907,SLOUGH,
250001208385,SLOUGH,
250001144699,SLOUGH,
250001204494,SLOUGH,
250001188170,SLOUGH,
250001176814,SLOUGH,
250001135986,SLOUGH,
250001166886,SLOUGH,
250001263865,SLOUGH,
250001211432,SLOUGH,
250001200865,SLOUGH,
250001139992,SLOUGH,
250001231943,SLOUGH,
250001113660,SLOUGH,
250001265996,SLOUGH,
250001224226,SLOUGH,
250001118822,SLOUGH,
250001256878,SLOUGH,
250001243234,SLOUGH,
250001200197,SLOUGH,
250001230963,SLOUGH,
250001139429,SLOUGH,
250001204445,SLOUGH,
250001159173,SLOUGH,
250001236108,SLOUGH,
250001229210,SLOUGH,
250001174290,SLOUGH,
250001140146,SLOUGH,
250001254485,SLOUGH,
250001237091,SLOUGH,
250001251125,SLOUGH,
250001210266,SLOUGH,
250001144995,SLOUGH,
250001215587,SLOUGH,
250001144607,SLOUGH,
250001134321,SLOUGH,
250001244149,SLOUGH,
250001236069,SLOUGH,
250001230117,SLOUGH,
250001184442,SLOUGH,
250001125109,SLOUGH,
250001121301,SLOUGH,
250001135685,SLOUGH,
250001257741,SLOUGH,
250001145310,SLOUGH,
250001204442,SLOUGH,
250001211598,SLOUGH,
250001142603,SLOUGH,
250001178219,SLOUGH,
250001124864,SLOUGH,
250001127993,SLOUGH,
250001212592,SLOUGH,
250001203675,SLOUGH,
250001201657,SLOUGH,
250001231795,SLOUGH,
250001139372,SLOUGH,
250001118253,SLOUGH,
250001266140,SLOUGH,
250001239815,SLOUGH,
250001145236,SLOUGH,
250001210932,SLOUGH,
250001213680,SLOUGH,
250001173108,SLOUGH,
250001122350,SLOUGH,
250001250952,SLOUGH,
250001233973,SLOUGH,
250001201809,SLOUGH,
250001147418,SLOUGH,
250001141720,SLOUGH,
250001136080,SLOUGH,
250001222534,SLOUGH,
250001186965,SLOUGH,
250001174262,SLOUGH,
250001180833,SLOUGH,
250001257201,SLOUGH,
250001117992,SLOUGH,
250001163661,SLOUGH,
250001267011,SLOUGH,
250001171209,SLOUGH,
250001230228,SLOUGH,
250001144612,SLOUGH,
250001141071,SLOUGH,
250001268206,SLOUGH,
250001168613,SLOUGH,
250001168405,SLOUGH,
250001113914,SLOUGH,
250001249830,SLOUGH,
250001142721,SLOUGH,
250001257734,SLOUGH,
250001163629,SLOUGH,
250001263888,SLOUGH,
250001256493,SLOUGH,
250001232062,SLOUGH,
250001191056,SLOUGH,
250001116133,SLOUGH,
250001176871,SLOUGH,
250001130812,SLOUGH,
250001209675,SLOUGH,
250001225690,SLOUGH,
250001256423,SLOUGH,
250001164390,SLOUGH,
250001191519,SLOUGH,
250001115119,SLOUGH,
250001203522,SLOUGH,
250001120665,SLOUGH,
250001136364,SLOUGH,
250001233211,SLOUGH,
250001216090,SLOUGH,
250001155591,SLOUGH,
250001231059,SLOUGH,
250001234704,SLOUGH,
250001229631,SLOUGH,
250001226627,SLOUGH,
250001206398,SLOUGH,
250001154295,SLOUGH,
250001181435,SLOUGH,
250001231761,SLOUGH,
250001146539,SLOUGH,
250001245090,SLOUGH,
250001238818,SLOUGH,
250001124761,SLOUGH,
250001119871,SLOUGH,
250001236976,SLOUGH,
250001261554,SLOUGH,
250001168036,SLOUGH,
250001156086,SLOUGH,
250001190090,SLOUGH,
250001124311,SLOUGH,
250001208863,SLOUGH,
250001130188,SLOUGH,
250001132372,SLOUGH,
250001170002,SLOUGH,
250001116045,SLOUGH,
250001152937,SLOUGH,
250001117476,SLOUGH,
250001155167,SLOUGH,
250001137244,SLOUGH,
250001136590,SLOUGH,
250001248404,SLOUGH,
250001220006,SLOUGH,
250001196028,SLOUGH,
250001188917,SLOUGH,
250001169477,SLOUGH,
250001238032,SLOUGH,
250001222358,SLOUGH,
250001147556,SLOUGH,
250001129188,SLOUGH,
250001248146,SLOUGH,
250001123938,SLOUGH,
250001229855,SLOUGH,
250001157771,SLOUGH,
250001122186,SLOUGH,
250001141787,SLOUGH,
250001210131,SLOUGH,
250001225951,SLOUGH,
250001172989,SLOUGH,
250001265092,SLOUGH,
250001128118,SLOUGH,
250001186347,SLOUGH,
250001245656,SLOUGH,
250001202009,SLOUGH,
250001154673,SLOUGH,
250001152576,SLOUGH,
250001219317,SLOUGH,
250001139720,SLOUGH,
250001210640,SLOUGH,
250001129109,SLOUGH,
250001139705,SLOUGH,
250001255339,SLOUGH,
250001200744,SLOUGH,
250001247051,SLOUGH,
250001188066,SLOUGH,
250001228081,SLOUGH,
250001130224,SLOUGH,
250001215729,SLOUGH,
250001231742,SLOUGH,
250001160418,SLOUGH,
250001199935,SLOUGH,
250001154983,SLOUGH,
250001175646,SLOUGH,
250001127959,SLOUGH,
250001191890,SLOUGH,
250001129079,SLOUGH,
250001121056,SLOUGH,
250001186587,SLOUGH,
250001216650,SLOUGH,
250001210248,SLOUGH,
250001160728,SLOUGH,
250001193864,SLOUGH,
250001160901,SLOUGH,
250001162079,SLOUGH,
250001239937,SLOUGH,
250001247298,SLOUGH,
250001118914,SLOUGH,
250001262388,SLOUGH,
250001259643,SLOUGH,
250001170991,SLOUGH,
250001141152,SLOUGH,
250001142651,SLOUGH,
250001223866,SLOUGH,
250001262925,SLOUGH,
250001210771,SLOUGH,
250001171558,SLOUGH,
250001224895,SLOUGH,
250001199900,SLOUGH,
250001114177,SLOUGH,
250001258650,SLOUGH,
250001221222,SLOUGH,
250001206139,SLOUGH,
250001267747,SLOUGH,
250001147879,SLOUGH,
250001240106,SLOUGH,
250001138028,SLOUGH,
250001200568,SLOUGH,
250001170593,SLOUGH,
250001198350,SLOUGH,
250001244671,SLOUGH,
250001215664,SLOUGH,
250001236248,SLOUGH,
250001161447,SLOUGH,
250001177012,SLOUGH,
250001235318,SLOUGH,
250001202875,SLOUGH,
250001160664,SLOUGH,
250001140941,SLOUGH,
250001114548,SLOUGH,
250001129845,SLOUGH,
250001164703,SLOUGH,
250001180235,SLOUGH,
250001131081,SLOUGH,
250001238766,SLOUGH,
250001244029,SLOUGH,
250001128604,SLOUGH,
250001201501,SLOUGH,
250001220046,SLOUGH,
250001232150,SLOUGH,
250001227735,SLOUGH,
250001136235,SLOUGH,
250001257696,SLOUGH,
250001242562,SLOUGH,
250001162600,SLOUGH,
250001153430,SLOUGH,
250001263441,SLOUGH,
250001257785,SLOUGH,
250001252231,SLOUGH,
250001195777,SLOUGH,
250001174893,SLOUGH,
250001241039,SLOUGH,
250001163681,SLOUGH,
250001236995,SLOUGH,
250001236291,SLOUGH,
250001189599,SLOUGH,
250001135110,SLOUGH,
250001224991,SLOUGH,
250001117233,SLOUGH,
250001167086,SLOUGH,
250001124378,SLOUGH,
250001184312,SLOUGH,
250001119880,SLOUGH,
250001140861,SLOUGH,
250001232499,SLOUGH,
250001148133,SLOUGH,
250001122701,SLOUGH,
250001237746,SLOUGH,
250001211567,SLOUGH,
250001237420,SLOUGH,
250001188527,SLOUGH,
250001137164,SLOUGH,
250001182922,SLOUGH,
250001123854,SLOUGH,
250001243536,SLOUGH,
250001224632,SLOUGH,
250001144122,SLOUGH,
250001140050,SLOUGH,
250001124359,SLOUGH,
250001123357,SLOUGH,
250001256322,SLOUGH,
250001195855,SLOUGH,
250001143089,SLOUGH,
250001206306,SLOUGH,
250001153012,SLOUGH,
250001206360,SLOUGH,
250001183865,SLOUGH,
250001250697,SLOUGH,
250001136320,SLOUGH,
250001224639,SLOUGH,
250001144381,SLOUGH,
250001120546,SLOUGH,
250001133900,SLOUGH,
250001146716,SLOUGH,
250001201028,SLOUGH,
250001163851,SLOUGH,
250001136103,SLOUGH,
250001153006,SLOUGH,
250001218607,SLOUGH,
250001179308,SLOUGH,
250001263284,SLOUGH,
250001204607,SLOUGH,
250001150774,SLOUGH,
250001262450,SLOUGH,
250001233448,SLOUGH,
250001123785,SLOUGH,
250001263918,SLOUGH,
250001263537,SLOUGH,
250001230590,SLOUGH,
250001190568,SLOUGH,
250001246156,SLOUGH,
250001207829,SLOUGH,
250001144844,SLOUGH,
250001160956,SLOUGH,
250001147810,SLOUGH,
250001139550,SLOUGH,
250001267829,SLOUGH,
250001264387,SLOUGH,
250001147809,SLOUGH,
250001215815,SLOUGH,
250001162545,SLOUGH,
250001137194,SLOUGH,
250001158117,SLOUGH,
250001147906,SLOUGH,
250001161958,SLOUGH,
250001251759,SLOUGH,
250001115636,SLOUGH,
250001144806,SLOUGH,
250001143092,SLOUGH,
250001259621,SLOUGH,
250001210789,SLOUGH,
250001224079,SLOUGH,
250001115022,SLOUGH,
250001151921,SLOUGH,
250001195039,SLOUGH,
250001127483,SLOUGH,
250001132281,SLOUGH,
250001210813,SLOUGH,
250001221579,SLOUGH,
250001164759,SLOUGH,
250001113555,SLOUGH,
250001157988,SLOUGH,
250001145928,SLOUGH,
250001220517,SLOUGH,
250001175208,SLOUGH,
250001170744,SLOUGH,
250001142003,SLOUGH,
250001173621,SLOUGH,
250001154201,SLOUGH,
250001262285,SLOUGH,
250001239594,SLOUGH,
250001129164,SLOUGH,
250001193394,SLOUGH,
250001178697,SLOUGH,
250001260164,SLOUGH,
250001178603,SLOUGH,
250001195499,SLOUGH,
250001166928,SLOUGH,
250001207963,SLOUGH,
250001224595,SLOUGH,
250001174221,SLOUGH,
250001221356,SLOUGH,
250001167813,SLOUGH,
250001192953,SLOUGH,
250001130522,SLOUGH,
250001243370,SLOUGH,
250001160352,SLOUGH,
250001158474,SLOUGH,
250001251256,SLOUGH,
250001143100,SLOUGH,
250001126428,SLOUGH,
250001150111,SLOUGH,
250001246844,SLOUGH,
250001256292,SLOUGH,
250001217269,SLOUGH,
250001211978,SLOUGH,
250001134793,SLOUGH,
250001112609,SLOUGH,
250001234598,SLOUGH,
250001212729,SLOUGH,
250001119311,SLOUGH,
250001246743,SLOUGH,
250001157546,SLOUGH,
250001246807,SLOUGH,
250001116136,SLOUGH,
250001120744,SLOUGH,
250001257809,SLOUGH,
250001251930,SLOUGH,
250001255483,SLOUGH,
250001195338,SLOUGH,
250001166912,SLOUGH,
250001168224,SLOUGH,
250001238819,SLOUGH,
250001128615,SLOUGH,
250001232820,SLOUGH,
250001164630,SLOUGH,
250001200738,SLOUGH,
250001145935,SLOUGH,
250001166576,SLOUGH,
250001259694,SLOUGH,
250001267830,SLOUGH,
250001124309,SLOUGH,
250001248713,SLOUGH,
250001160437,SLOUGH,
250001123783,SLOUGH,
250001221474,SLOUGH,
250001152109,SLOUGH,
250001124297,SLOUGH,
250001123540,SLOUGH,
250001234006,SLOUGH,
250001123209,SLOUGH,
250001260778,SLOUGH,
250001197683,SLOUGH,
250001267603,SLOUGH,
250001157839,SLOUGH,
250001148359,SLOUGH,
250001182225,SLOUGH,
250001162371,SLOUGH,
250001191679,SLOUGH,
250001258267,SLOUGH,
250001255665,SLOUGH,
250001128306,SLOUGH,
250001152393,SLOUGH,
250001250188,SLOUGH,
250001116299,SLOUGH,
250001140666,SLOUGH,
250001116911,SLOUGH,
250001229187,SLOUGH,
250001134241,SLOUGH,
250001112813,SLOUGH,
250001198916,SLOUGH,
250001232612,SLOUGH,
250001155822,SLOUGH,
250001172553,SLOUGH,
250001232619,SLOUGH,
250001166280,SLOUGH,
250001164663,SLOUGH,
250001237392,SLOUGH,
250001172666,SLOUGH,
250001177536,SLOUGH,
250001263756,SLOUGH,
250001168658,SLOUGH,
250001224221,SLOUGH,
250001180236,SLOUGH,
250001243761,SLOUGH,
250001216091,SLOUGH,
250001268019,SLOUGH,
250001172668,SLOUGH,
250001154289,SLOUGH,
250001175964,SLOUGH,
250001191279,SLOUGH,
250001235554,SLOUGH,
250001172444,SLOUGH,
250001154616,SLOUGH,
250001256350,SLOUGH,
250001120698,SLOUGH,
250001224482,SLOUGH,
250001198480,SLOUGH,
250001249932,SLOUGH,
250001239659,SLOUGH,
250001188181,SLOUGH,
250001165634,SLOUGH,
250001117098,SLOUGH,
250001177499,SLOUGH,
250001226771,SLOUGH,
250001229504,SLOUGH,
250001163105,SLOUGH,
250001157605,SLOUGH,
250001241497,SLOUGH,
250001203823,SLOUGH,
250001144311,SLOUGH,
250001228821,SLOUGH,
250001183480,SLOUGH,
250001195148,SLOUGH,
250001176054,SLOUGH,
250001136388,SLOUGH,
250001194890,SLOUGH,
250001156853,SLOUGH,
250001265587,SLOUGH,
250001255643,SLOUGH,
250001251855,SLOUGH,
250001205825,SLOUGH,
250001247078,SLOUGH,
250001241221,SLOUGH,
250001190713,SLOUGH,
250001196407,SLOUGH,
250001129313,SLOUGH,
250001117541,SLOUGH,
250001262674,SLOUGH,
250001245937,SLOUGH,
250001263247,SLOUGH,
250001240547,SLOUGH,
250001187584,SLOUGH,
250001156230,SLOUGH,
250001144476,SLOUGH,
250001182844,SLOUGH,
250001118560,SLOUGH,
250001250855,SLOUGH,
250001185083,SLOUGH,
250001157888,SLOUGH,
250001260602,SLOUGH,
250001186253,SLOUGH,
250001132196,SLOUGH,
250001164682,SLOUGH,
250001230441,SLOUGH,
250001119811,SLOUGH,
250001196032,SLOUGH,
250001190221,SLOUGH,
250001168629,SLOUGH,
250001141314,SLOUGH,
250001210634,SLOUGH,
250001167593,SLOUGH,
250001195343,SLOUGH,
250001175225,SLOUGH,
250001257138,SLOUGH,
250001172871,SLOUGH,
250001206880,SLOUGH,
250001258449,SLOUGH,
250001216518,SLOUGH,
250001132078,SLOUGH,
250001138550,SLOUGH,
250001112626,SLOUGH,
250001260604,SLOUGH,
250001201925,SLOUGH,
250001250580,SLOUGH,
250001112636,SLOUGH,
250001249828,SLOUGH,
250001264239,SLOUGH,
250001149089,SLOUGH,
250001245362,SLOUGH,
250001116117,SLOUGH,
250001133730,SLOUGH,
250001236771,SLOUGH,
250001207189,SLOUGH,
250001212139,SLOUGH,
250001261606,SLOUGH,
250001211732,SLOUGH,
250001160959,SLOUGH,
250001178688,SLOUGH,
250001166826,SLOUGH,
250001148562,SLOUGH,
250001123654,SLOUGH,
250001194827,SLOUGH,
250001234531,SLOUGH,
250001116559,SLOUGH,
250001259209,SLOUGH,
250001264277,SLOUGH,
250001178706,SLOUGH,
250001120676,SLOUGH,
250001236368,SLOUGH,
250001146960,SLOUGH,
250001136791,SLOUGH,
250001126935,SLOUGH,
250001207714,SLOUGH,
250001150727,SLOUGH,
250001112651,SLOUGH,
250001253322,SLOUGH,
250001183274,SLOUGH,
250001131988,SLOUGH,
250001149401,SLOUGH,
250001245097,SLOUGH,
250001177609,SLOUGH,
250001180776,SLOUGH,
250001180468,SLOUGH,
250001189030,SLOUGH,
250001126826,SLOUGH,
250001227493,SLOUGH,
250001178926,SLOUGH,
250001251198,SLOUGH,
250001162961,SLOUGH,
250001114577,SLOUGH,
250001141554,SLOUGH,
250001114519,SLOUGH,
250001260081,SLOUGH,
250001137826,SLOUGH,
250001183864,SLOUGH,
250001165868,SLOUGH,
250001180818,SLOUGH,
250001140842,SLOUGH,
250001211581,SLOUGH,
250001222131,SLOUGH,
250001165475,SLOUGH,
250001138014,SLOUGH,
250001246677,SLOUGH,
250001198481,SLOUGH,
250001157812,SLOUGH,
250001262813,SLOUGH,
250001210090,SLOUGH,
250001155891,SLOUGH,
250001228310,SLOUGH,
250001153218,SLOUGH,
250001262507,SLOUGH,
250001121829,SLOUGH,
250001165342,SLOUGH,
250001112752,SLOUGH,
250001140129,SLOUGH,
250001230211,SLOUGH,
250001208496,SLOUGH,
250001113591,SLOUGH,
250001145539,SLOUGH,
250001239306,SLOUGH,
250001119870,SLOUGH,
250001187913,SLOUGH,
250001183982,SLOUGH,
250001152343,SLOUGH,
250001156094,SLOUGH,
250001148467,SLOUGH,
250001216126,SLOUGH,
250001189272,SLOUGH,
250001194581,SLOUGH,
250001256141,SLOUGH,
250001245580,SLOUGH,
250001146016,SLOUGH,
250001113044,SLOUGH,
250001180630,SLOUGH,
250001266003,SLOUGH,
250001222831,SLOUGH,
250001128964,SLOUGH,
250001234036,SLOUGH,
250001199867,SLOUGH,
250001164109,SLOUGH,
250001212542,SLOUGH,
250001112485,SLOUGH,
250001231387,SLOUGH,
250001188457,SLOUGH,
250001160706,SLOUGH,
250001222406,SLOUGH,
250001138115,SLOUGH,
250001254759,SLOUGH,
250001261833,SLOUGH,
250001225402,SLOUGH,
250001122742,SLOUGH,
250001144272,SLOUGH,
250001253251,SLOUGH,
250001188613,SLOUGH,
250001155850,SLOUGH,
250001231446,SLOUGH,
250001186394,SLOUGH,
250001123446,SLOUGH,
250001255376,SLOUGH,
250001255286,SLOUGH,
250001215999,SLOUGH,
250001167643,SLOUGH,
250001161056,SLOUGH,
250001121534,SLOUGH,
250001202089,SLOUGH,
250001176680,SLOUGH,
250001199789,SLOUGH,
250001258017,SLOUGH,
250001216114,SLOUGH,
250001201195,SLOUGH,
250001203399,SLOUGH,
250001228167,SLOUGH,
250001246201,SLOUGH,
250001214124,SLOUGH,
250001236514,SLOUGH,
250001247971,SLOUGH,
250001246064,SLOUGH,
250001238461,SLOUGH,
250001211815,SLOUGH,
250001199551,SLOUGH,
250001230050,SLOUGH,
250001203621,SLOUGH,
250001126928,SLOUGH,
250001148519,SLOUGH,
250001210140,SLOUGH,
250001189067,SLOUGH,
250001183319,SLOUGH,
250001244629,SLOUGH,
250001201993,SLOUGH,
250001230212,SLOUGH,
250001242745,SLOUGH,
250001233784,SLOUGH,
250001204275,SLOUGH,
250001186135,SLOUGH,
250001115730,SLOUGH,
250001228655,SLOUGH,
250001149103,SLOUGH,
250001220490,SLOUGH,
250001198262,SLOUGH,
250001217553,SLOUGH,
250001256216,SLOUGH,
250001187382,SLOUGH,
250001199108,SLOUGH,
250001243759,SLOUGH,
250001266497,SLOUGH,
250001186832,SLOUGH,
250001209446,SLOUGH,
250001200984,SLOUGH,
250001225242,SLOUGH,
250001178044,SLOUGH,
250001242175,SLOUGH,
250001194463,SLOUGH,
250001252279,SLOUGH,
250001206900,SLOUGH,
250001184200,SLOUGH,
250001148537,SLOUGH,
250001141656,SLOUGH,
250001191831,SLOUGH,
250001173293,SLOUGH,
250001175080,SLOUGH,
250001113813,SLOUGH,
250001124375,SLOUGH,
250001210436,SLOUGH,
250001161192,SLOUGH,
250001248639,SLOUGH,
250001203977,SLOUGH,
250001227048,SLOUGH,
250001121980,SLOUGH,
250001179130,SLOUGH,
250001267712,SLOUGH,
250001135490,SLOUGH,
250001166929,SLOUGH,
250001139109,SLOUGH,
250001228015,SLOUGH,
250001225291,SLOUGH,
250001176187,SLOUGH,
250001173885,SLOUGH,
250001169550,SLOUGH,
250001157987,SLOUGH,
250001239658,SLOUGH,
250001215389,SLOUGH,
250001186834,SLOUGH,
250001241288,SLOUGH,
250001134330,SLOUGH,
250001140457,SLOUGH,
250001176836,SLOUGH,
250001253061,SLOUGH,
250001147992,SLOUGH,
250001222096,SLOUGH,
250001140220,SLOUGH,
250001157765,SLOUGH,
250001210893,SLOUGH,
250001208115,SLOUGH,
250001128032,SLOUGH,
250001146333,SLOUGH,
250001203720,SLOUGH,
250001157550,SLOUGH,
250001215900,SLOUGH,
250001250677,SLOUGH,
250001153752,SLOUGH,
250001260063,SLOUGH,
250001151861,SLOUGH,
250001132680,SLOUGH,
250001262505,SLOUGH,
250001206076,SLOUGH,
250001181362,SLOUGH,
250001164546,SLOUGH,
250001159933,SLOUGH,
250001147472,SLOUGH,
250001268110,SLOUGH,
250001190020,SLOUGH,
250001243527,SLOUGH,
250001259607,SLOUGH,
250001183882,SLOUGH,
250001169609,SLOUGH,
250001125262,SLOUGH,
250001124273,SLOUGH,
250001146346,SLOUGH,
250001188955,SLOUGH,
250001164426,SLOUGH,
250001194837,SLOUGH,
250001183056,SLOUGH,
250001255323,SLOUGH,
250001194175,SLOUGH,
250001121150,SLOUGH,
250001135502,SLOUGH,
250001143836,SLOUGH,
250001241170,SLOUGH,
250001176370,SLOUGH,
250001122633,SLOUGH,
250001244666,SLOUGH,
250001137195,SLOUGH,
250001136074,SLOUGH,
250001221353,SLOUGH,
250001242148,SLOUGH,
250001176828,SLOUGH,
250001233065,SLOUGH,
250001178233,SLOUGH,
250001138509,SLOUGH,
250001251188,SLOUGH,
250001211011,SLOUGH,
250001188089,SLOUGH,
250001119750,SLOUGH,
250001264059,SLOUGH,
250001114506,SLOUGH,
250001158710,SLOUGH,
250001149054,SLOUGH,
250001195446,SLOUGH,
250001146635,SLOUGH,
250001137414,SLOUGH,
250001251578,SLOUGH,
250001264986,SLOUGH,
250001261376,SLOUGH,
250001211781,SLOUGH,
250001126396,SLOUGH,
250001234985,SLOUGH,
250001141384,SLOUGH,
250001266392,SLOUGH,
250001260248,SLOUGH,
250001163250,SLOUGH,
250001267238,SLOUGH,
250001113837,SLOUGH,
250001224748,SLOUGH,
250001229281,SLOUGH,
250001195266,SLOUGH,
250001132349,SLOUGH,
250001208865,SLOUGH,
250001196674,SLOUGH,
250001242784,SLOUGH,
250001139386,SLOUGH,
250001235932,SLOUGH,
250001170873,SLOUGH,
250001133716,SLOUGH,
250001132389,SLOUGH,
250001170584,SLOUGH,
250001215072,SLOUGH,
250001245343,SLOUGH,
250001144468,SLOUGH,
250001140032,SLOUGH,
250001219329,SLOUGH,
250001212106,SLOUGH,
250001188220,SLOUGH,
250001133634,SLOUGH,
250001159591,SLOUGH,
250001121221,SLOUGH,
250001164348,SLOUGH,
250001231974,SLOUGH,
250001130017,SLOUGH,
250001232647,SLOUGH,
250001154629,SLOUGH,
250001193034,SLOUGH,
250001199917,SLOUGH,
250001230514,SLOUGH,
250001120543,SLOUGH,
250001150095,SLOUGH,
250001256646,SLOUGH,
250001126747,SLOUGH,
250001202837,SLOUGH,
250001124173,SLOUGH,
250001204349,SLOUGH,
250001180999,SLOUGH,
250001120179,SLOUGH,
250001184041,SLOUGH,
250001126716,SLOUGH,
250001255639,SLOUGH,
250001120907,SLOUGH,
250001238821,SLOUGH,
250001215581,SLOUGH,
250001166101,SLOUGH,
250001118680,SLOUGH,
250001142667,SLOUGH,
250001245739,SLOUGH,
250001164308,SLOUGH,
250001123604,SLOUGH,
250001129662,SLOUGH,
250001259655,SLOUGH,
250001244782,SLOUGH,
250001194819,SLOUGH,
250001218294,SLOUGH,
250001215670,SLOUGH,
250001116518,SLOUGH,
250001147417,SLOUGH,
250001220269,SLOUGH,
250001128194,SLOUGH,
250001191085,SLOUGH,
250001217840,SLOUGH,
250001210820,SLOUGH,
250001267662,SLOUGH,
250001214404,SLOUGH,
250001159033,SLOUGH,
250001217508,SLOUGH,
250001181615,SLOUGH,
250001218906,SLOUGH,
250001128007,SLOUGH,
250001212891,SLOUGH,
250001142660,SLOUGH,
250001155760,SLOUGH,
250001115243,SLOUGH,
250001153918,SLOUGH,
250001131647,SLOUGH,
250001204270,SLOUGH,
250001195902,SLOUGH,
250001237854,SLOUGH,
250001253089,SLOUGH,
250001243102,SLOUGH,
250001163586,SLOUGH,
250001149023,SLOUGH,
250001212919,SLOUGH,
250001216106,SLOUGH,
250001205310,SLOUGH,
250001212319,SLOUGH,
250001120275,SLOUGH,
250001195977,SLOUGH,
250001115644,SLOUGH,
250001153737,SLOUGH,
250001218346,SLOUGH,
250001215747,SLOUGH,
250001202093,SLOUGH,
250001247280,SLOUGH,
250001138845,SLOUGH,
250001219300,SLOUGH,
250001179700,SLOUGH,
250001229207,SLOUGH,
250001212147,SLOUGH,
250001141670,SLOUGH,
250001138019,SLOUGH,
250001251145,SLOUGH,
250001232010,SLOUGH,
250001147848,SLOUGH,
250001246124,SLOUGH,
250001222512,SLOUGH,
250001213205,SLOUGH,
250001136062,SLOUGH,
250001132977,SLOUGH,
250001133234,SLOUGH,
250001170001,SLOUGH,
250001200449,SLOUGH,
250001247535,SLOUGH,
250001171840,SLOUGH,
250001258400,SLOUGH,
250001212785,SLOUGH,
250001196044,SLOUGH,
250001155028,SLOUGH,
250001117844,SLOUGH,
250001203760,SLOUGH,
250001251483,SLOUGH,
250001196003,SLOUGH,
250001205752,SLOUGH,
250001158484,SLOUGH,
250001254328,SLOUGH,
250001153616,SLOUGH,
250001227903,SLOUGH,
250001165332,SLOUGH,
250001116232,SLOUGH,
250001178892,SLOUGH,
250001234929,SLOUGH,
250001168055,SLOUGH,
250001264012,SLOUGH,
250001222320,SLOUGH,
250001189026,SLOUGH,
250001164452,SLOUGH,
250001172864,SLOUGH,
250001220397,SLOUGH,
250001263398,SLOUGH,
250001191829,SLOUGH,
250001201663,SLOUGH,
250001200564,SLOUGH,
250001142908,SLOUGH,
250001142496,SLOUGH,
250001186979,SLOUGH,
250001118455,SLOUGH,
250001223144,SLOUGH,
250001243271,SLOUGH,
250001126751,SLOUGH,
250001242395,SLOUGH,
250001231380,SLOUGH,
250001235887,SLOUGH,
250001188343,SLOUGH,
250001188110,SLOUGH,
250001132303,SLOUGH,
250001259592,SLOUGH,
250001207453,SLOUGH,
250001150088,SLOUGH,
250001199638,SLOUGH,
250001228544,SLOUGH,
250001156802,SLOUGH,
250001117429,SLOUGH,
250001236141,SLOUGH,
250001128595,SLOUGH,
250001168606,SLOUGH,
250001152712,SLOUGH,
250001150556,SLOUGH,
250001240611,SLOUGH,
250001166512,SLOUGH,
250001259955,SLOUGH,
250001146331,SLOUGH,
250001132150,SLOUGH,
250001224262,SLOUGH,
250001175645,SLOUGH,
250001245570,SLOUGH,
250001202197,SLOUGH,
250001250212,SLOUGH,
250001147317,SLOUGH,
250001127528,SLOUGH,
250001263313,SLOUGH,
250001161951,SLOUGH,
250001239566,SLOUGH,
250001255710,SLOUGH,
250001173015,SLOUGH,
250001168225,SLOUGH,
250001183590,SLOUGH,
250001158690,SLOUGH,
250001123686,SLOUGH,
250001167014,SLOUGH,
250001113862,SLOUGH,
250001216744,SLOUGH,
250001153008,SLOUGH,
250001184487,SLOUGH,
250001132692,SLOUGH,
250001237018,SLOUGH,
250001250354,SLOUGH,
250001207960,SLOUGH,
250001176333,SLOUGH,
250001259784,SLOUGH,
250001118552,SLOUGH,
250001160320,SLOUGH,
250001235210,SLOUGH,
250001186656,SLOUGH,
250001219094,SLOUGH,
250001205780,SLOUGH,
250001127376,SLOUGH,
250001156698,SLOUGH,
250001196866,SLOUGH,
250001164637,SLOUGH,
250001185814,SLOUGH,
250001157680,SLOUGH,
250001132880,SLOUGH,
250001185422,SLOUGH,
250001248745,SLOUGH,
250001121548,SLOUGH,
250001237592,SLOUGH,
250001261068,SLOUGH,
250001250060,SLOUGH,
250001208092,SLOUGH,
250001170909,SLOUGH,
250001206389,SLOUGH,
250001120192,SLOUGH,
250001159994,SLOUGH,
250001186897,SLOUGH,
250001116062,SLOUGH,
250001142447,SLOUGH,
250001223857,SLOUGH,
250001150090,SLOUGH,
250001213091,SLOUGH,
250001203715,SLOUGH,
250001169216,SLOUGH,
250001164967,SLOUGH,
250001169883,SLOUGH,
250001154470,SLOUGH,
250001180612,SLOUGH,
250001245248,SLOUGH,
250001141802,SLOUGH,
250001246063,SLOUGH,
250001134508,SLOUGH,
250001226149,SLOUGH,
250001116125,SLOUGH,
250001156720,SLOUGH,
250001165981,SLOUGH,
250001243760,SLOUGH,
250001211380,SLOUGH,
250001249387,SLOUGH,
250001257740,SLOUGH,
250001240626,SLOUGH,
250001227477,SLOUGH,
250001247307,SLOUGH,
250001187771,SLOUGH,
250001168617,SLOUGH,
250001196306,SLOUGH,
250001153480,SLOUGH,
250001175657,SLOUGH,
250001227813,SLOUGH,
250001220817,SLOUGH,
250001162949,SLOUGH,
250001115390,SLOUGH,
250001192632,SLOUGH,
250001265363,SLOUGH,
250001142175,SLOUGH,
250001203723,SLOUGH,
250001248918,SLOUGH,
250001183655,SLOUGH,
250001239989,SLOUGH,
250001233398,SLOUGH,
250001117556,SLOUGH,
250001220191,SLOUGH,
250001148141,SLOUGH,
250001256641,SLOUGH,
250001133929,SLOUGH,
250001177638,SLOUGH,
250001130622,SLOUGH,
250001168416,SLOUGH,
250001130438,SLOUGH,
250001236865,SLOUGH,
250001259539,SLOUGH,
250001112618,SLOUGH,
250001162738,SLOUGH,
250001161629,SLOUGH,
250001148600,SLOUGH,
250001229328,SLOUGH,
250001263986,SLOUGH,
250001224261,SLOUGH,
250001215400,SLOUGH,
250001168576,SLOUGH,
250001160995,SLOUGH,
250001208182,SLOUGH,
250001210912,SLOUGH,
250001188094,SLOUGH,
250001217680,SLOUGH,
250001177276,SLOUGH,
250001216040,SLOUGH,
250001260098,SLOUGH,
250001248766,SLOUGH,
250001224534,SLOUGH,
250001202206,SLOUGH,
250001183424,SLOUGH,
250001248152,SLOUGH,
250001253691,SLOUGH,
250001233938,SLOUGH,
250001196079,SLOUGH,
250001228116,SLOUGH,
250001211886,SLOUGH,
250001167007,SLOUGH,
250001193091,SLOUGH,
250001143372,SLOUGH,
250001125842,SLOUGH,
250001152885,SLOUGH,
250001211789,SLOUGH,
250001147990,SLOUGH,
250001161857,SLOUGH,
250001131875,SLOUGH,
250001261020,SLOUGH,
250001234728,SLOUGH,
250001243433,SLOUGH,
250001230686,SLOUGH,
250001268723,SLOUGH,
250001184176,SLOUGH,
250001179425,SLOUGH,
250001156397,SLOUGH,
250001234850,SLOUGH,
250001120161,SLOUGH,
250001267007,SLOUGH,
250001208934,SLOUGH,
250001159688,SLOUGH,
250001122647,SLOUGH,
250001202088,SLOUGH,
250001234625,SLOUGH,
250001247246,SLOUGH,
250001140237,SLOUGH,
250001201748,SLOUGH,
250001233218,SLOUGH,
250001136129,SLOUGH,
250001198289,SLOUGH,
250001245645,SLOUGH,
250001244116,SLOUGH,
250001156132,SLOUGH,
250001164341,SLOUGH,
250001177605,SLOUGH,
250001202878,SLOUGH,
250001155348,SLOUGH,
250001117344,SLOUGH,
250001230685,SLOUGH,
250001198069,SLOUGH,
250001154084,SLOUGH,
250001260509,SLOUGH,
250001263287,SLOUGH,
250001160831,SLOUGH,
250001135719,SLOUGH,
250001121721,SLOUGH,
250001138496,SLOUGH,
250001188725,SLOUGH,
250001126965,SLOUGH,
250001243497,SLOUGH,
250001160475,SLOUGH,
250001220521,SLOUGH,
250001220496,SLOUGH,
250001210346,SLOUGH,
250001125024,SLOUGH,
250001138390,SLOUGH,
250001268086,SLOUGH,
250001195419,SLOUGH,
250001156195,SLOUGH,
250001227400,SLOUGH,
250001118508,SLOUGH,
250001207814,SLOUGH,
250001241758,SLOUGH,
250001123356,SLOUGH,
250001232207,SLOUGH,
250001159901,SLOUGH,
250001235422,SLOUGH,
250001112628,SLOUGH,
250001201810,SLOUGH,
250001129839,SLOUGH,
250001131476,SLOUGH,
250001202801,SLOUGH,
250001255457,SLOUGH,
250001240883,SLOUGH,
250001146964,SLOUGH,
250001249382,SLOUGH,
250001261880,SLOUGH,
250001207701,SLOUGH,
250001238391,SLOUGH,
250001149012,SLOUGH,
250001144702,SLOUGH,
250001196030,SLOUGH,
250001190320,SLOUGH,
250001134780,SLOUGH,
250001239551,SLOUGH,
250001223859,SLOUGH,
250001127002,SLOUGH,
250001175718,SLOUGH,
250001191695,SLOUGH,
250001238233,SLOUGH,
250001188448,SLOUGH,
250001128150,SLOUGH,
250001246036,SLOUGH,
250001157852,SLOUGH,
250001179459,SLOUGH,
250001216102,SLOUGH,
250001260051,SLOUGH,
250001161005,SLOUGH,
250001163911,SLOUGH,
250001239948,SLOUGH,
250001138665,SLOUGH,
250001146300,SLOUGH,
250001244340,SLOUGH,
250001173653,SLOUGH,
250001229011,SLOUGH,
250001196869,SLOUGH,
250001268054,SLOUGH,
250001200916,SLOUGH,
250001247226,SLOUGH,
250001213813,SLOUGH,
250001126707,SLOUGH,
250001131808,SLOUGH,
250001147927,SLOUGH,
250001258980,SLOUGH,
250001152776,SLOUGH,
250001135072,SLOUGH,
250001156187,SLOUGH,
250001147719,SLOUGH,
250001124291,SLOUGH,
250001145817,SLOUGH,
250001159172,SLOUGH,
250001210590,SLOUGH,
250001129099,SLOUGH,
250001215644,SLOUGH,
250001132046,SLOUGH,
250001116233,SLOUGH,
250001231785,SLOUGH,
250001166235,SLOUGH,
250001136052,SLOUGH,
250001150531,SLOUGH,
250001128204,SLOUGH,
250001146991,SLOUGH,
250001246133,SLOUGH,
250001205020,SLOUGH,
250001149255,SLOUGH,
250001258200,SLOUGH,
250001207442,SLOUGH,
250001261321,SLOUGH,
250001233178,SLOUGH,
250001152182,SLOUGH,
250001171784,SLOUGH,
250001216182,SLOUGH,
250001143930,SLOUGH,
250001173691,SLOUGH,
250001228400,SLOUGH,
250001160026,SLOUGH,
250001235568,SLOUGH,
250001136790,SLOUGH,
250001260150,SLOUGH,
250001232748,SLOUGH,
250001218025,SLOUGH,
250001266491,SLOUGH,
250001123155,SLOUGH,
250001122348,SLOUGH,
250001172506,SLOUGH,
250001189129,SLOUGH,
250001195748,SLOUGH,
250001206843,SLOUGH,
250001188344,SLOUGH,
250001203654,SLOUGH,
250001255479,SLOUGH,
250001153490,SLOUGH,
250001251706,SLOUGH,
250001148918,SLOUGH,
250001208876,SLOUGH,
250001152305,SLOUGH,
250001255295,SLOUGH,
250001221051,SLOUGH,
250001236297,SLOUGH,
250001148101,SLOUGH,
250001237719,SLOUGH,
